house,category,constituency,district,state,representative,role,username,password
Lok Sabha,District Authority Auditor,ADILABAD(ST),ADILABAD(ST),Telangana,GODAM NAGESH,District Authority Auditor,auditor_adilabad,Auditor@Adilabad2026!
Lok Sabha,Member of Parliament (Lok Sabha),ADILABAD(ST),ADILABAD(ST),Telangana,GODAM NAGESH,Member of Parliament,mp_adilabad,MP@Adilabad2026!
Lok Sabha,District Authority Auditor,AGRA(SC),AGRA(SC),Uttar Pradesh,Prof SP Singh Baghel,District Authority Auditor,auditor_agra,Auditor@Agra2026!
Lok Sabha,Member of Parliament (Lok Sabha),AGRA(SC),AGRA(SC),Uttar Pradesh,Prof SP Singh Baghel,Member of Parliament,mp_agra,MP@Agra2026!
Lok Sabha,District Authority Auditor,AHMEDABAD EAST,AHMEDABAD EAST,Gujarat,Hasmukh Bhai Soma Bhai Patel,District Authority Auditor,auditor_ahmedabad_east,Auditor@AhmedabadEas2026!
Lok Sabha,Member of Parliament (Lok Sabha),AHMEDABAD EAST,AHMEDABAD EAST,Gujarat,Hasmukh Bhai Soma Bhai Patel,Member of Parliament,mp_ahmedabad_east,MP@AhmedabadEas2026!
Lok Sabha,District Authority Auditor,AHMEDABAD WEST(SC),AHMEDABAD WEST(SC),Gujarat,DINESHBHAI MAKWANA,District Authority Auditor,auditor_ahmedabad_west,Auditor@AhmedabadWes2026!
Lok Sabha,Member of Parliament (Lok Sabha),AHMEDABAD WEST(SC),AHMEDABAD WEST(SC),Gujarat,DINESHBHAI MAKWANA,Member of Parliament,mp_ahmedabad_west,MP@AhmedabadWes2026!
Lok Sabha,District Authority Auditor,AHMEDNAGAR,AHMEDNAGAR,Maharashtra,NILESH DNYANDEV LANKE,District Authority Auditor,auditor_ahmednagar,Auditor@Ahmednagar2026!
Lok Sabha,Member of Parliament (Lok Sabha),AHMEDNAGAR,AHMEDNAGAR,Maharashtra,NILESH DNYANDEV LANKE,Member of Parliament,mp_ahmednagar,MP@Ahmednagar2026!
Lok Sabha,District Authority Auditor,AJMER,AJMER,Rajasthan,Bhagirath Chaudhary,District Authority Auditor,auditor_ajmer,Auditor@Ajmer2026!
Lok Sabha,Member of Parliament (Lok Sabha),AJMER,AJMER,Rajasthan,Bhagirath Chaudhary,Member of Parliament,mp_ajmer,MP@Ajmer2026!
Lok Sabha,District Authority Auditor,AKBARPUR,AKBARPUR,Uttar Pradesh,Devendra Alias Bhole Singh,District Authority Auditor,auditor_akbarpur,Auditor@Akbarpur2026!
Lok Sabha,Member of Parliament (Lok Sabha),AKBARPUR,AKBARPUR,Uttar Pradesh,Devendra Alias Bhole Singh,Member of Parliament,mp_akbarpur,MP@Akbarpur2026!
Lok Sabha,District Authority Auditor,AKOLA,AKOLA,Maharashtra,ANUP SANJAY DHOTRE,District Authority Auditor,auditor_akola,Auditor@Akola2026!
Lok Sabha,Member of Parliament (Lok Sabha),AKOLA,AKOLA,Maharashtra,ANUP SANJAY DHOTRE,Member of Parliament,mp_akola,MP@Akola2026!
Lok Sabha,District Authority Auditor,ALAPPUZHA,ALAPPUZHA,Kerala,K. C VENUGOPAL,District Authority Auditor,auditor_alappuzha,Auditor@Alappuzha2026!
Lok Sabha,Member of Parliament (Lok Sabha),ALAPPUZHA,ALAPPUZHA,Kerala,K. C VENUGOPAL,Member of Parliament,mp_alappuzha,MP@Alappuzha2026!
Lok Sabha,District Authority Auditor,ALATHUR(SC),ALATHUR(SC),Kerala,K RADHAKRISHNAN,District Authority Auditor,auditor_alathur,Auditor@Alathur2026!
Lok Sabha,Member of Parliament (Lok Sabha),ALATHUR(SC),ALATHUR(SC),Kerala,K RADHAKRISHNAN,Member of Parliament,mp_alathur,MP@Alathur2026!
Lok Sabha,District Authority Auditor,ALIGARH,ALIGARH,Uttar Pradesh,Shri Satish Kumar Gautam,District Authority Auditor,auditor_aligarh,Auditor@Aligarh2026!
Lok Sabha,Member of Parliament (Lok Sabha),ALIGARH,ALIGARH,Uttar Pradesh,Shri Satish Kumar Gautam,Member of Parliament,mp_aligarh,MP@Aligarh2026!
Lok Sabha,District Authority Auditor,ALIPURDUARS(ST),ALIPURDUARS(ST),West Bengal,MANOJ TIGGA,District Authority Auditor,auditor_alipurduars,Auditor@Alipurduars2026!
Lok Sabha,Member of Parliament (Lok Sabha),ALIPURDUARS(ST),ALIPURDUARS(ST),West Bengal,MANOJ TIGGA,Member of Parliament,mp_alipurduars,MP@Alipurduars2026!
Lok Sabha,District Authority Auditor,ALLAHABAD,ALLAHABAD,Uttar Pradesh,UJJWAL RAMAN SINGH,District Authority Auditor,auditor_allahabad,Auditor@Allahabad2026!
Lok Sabha,Member of Parliament (Lok Sabha),ALLAHABAD,ALLAHABAD,Uttar Pradesh,UJJWAL RAMAN SINGH,Member of Parliament,mp_allahabad,MP@Allahabad2026!
Lok Sabha,District Authority Auditor,ALMORA(SC),ALMORA(SC),Uttarakhand,Ajay Tamta,District Authority Auditor,auditor_almora,Auditor@Almora2026!
Lok Sabha,Member of Parliament (Lok Sabha),ALMORA(SC),ALMORA(SC),Uttarakhand,Ajay Tamta,Member of Parliament,mp_almora,MP@Almora2026!
Lok Sabha,District Authority Auditor,ALWAR,ALWAR,Rajasthan,BHUPENDER YADAV,District Authority Auditor,auditor_alwar,Auditor@Alwar2026!
Lok Sabha,Member of Parliament (Lok Sabha),ALWAR,ALWAR,Rajasthan,BHUPENDER YADAV,Member of Parliament,mp_alwar,MP@Alwar2026!
Lok Sabha,District Authority Auditor,AMALAPURAM(SC),AMALAPURAM(SC),Andhra Pradesh,GM Harish Balayogi,District Authority Auditor,auditor_amalapuram,Auditor@Amalapuram2026!
Lok Sabha,Member of Parliament (Lok Sabha),AMALAPURAM(SC),AMALAPURAM(SC),Andhra Pradesh,GM Harish Balayogi,Member of Parliament,mp_amalapuram,MP@Amalapuram2026!
Lok Sabha,District Authority Auditor,AMBALA (SC),AMBALA (SC),Haryana,VARUN CHAUDHRY,District Authority Auditor,auditor_ambala,Auditor@Ambala2026!
Lok Sabha,Member of Parliament (Lok Sabha),AMBALA (SC),AMBALA (SC),Haryana,VARUN CHAUDHRY,Member of Parliament,mp_ambala,MP@Ambala2026!
Lok Sabha,District Authority Auditor,AMBEDKAR NAGAR,AMBEDKAR NAGAR,Uttar Pradesh,LALJI VERMA,District Authority Auditor,auditor_ambedkar_nagar,Auditor@AmbedkarNaga2026!
Lok Sabha,Member of Parliament (Lok Sabha),AMBEDKAR NAGAR,AMBEDKAR NAGAR,Uttar Pradesh,LALJI VERMA,Member of Parliament,mp_ambedkar_nagar,MP@AmbedkarNaga2026!
Lok Sabha,District Authority Auditor,AMETHI,AMETHI,Uttar Pradesh,KISHORI LAL,District Authority Auditor,auditor_amethi,Auditor@Amethi2026!
Lok Sabha,Member of Parliament (Lok Sabha),AMETHI,AMETHI,Uttar Pradesh,KISHORI LAL,Member of Parliament,mp_amethi,MP@Amethi2026!
Lok Sabha,District Authority Auditor,AMRAVATI(SC),AMRAVATI(SC),Maharashtra,BALWANT BASWANT WANKHADE,District Authority Auditor,auditor_amravati,Auditor@Amravati2026!
Lok Sabha,Member of Parliament (Lok Sabha),AMRAVATI(SC),AMRAVATI(SC),Maharashtra,BALWANT BASWANT WANKHADE,Member of Parliament,mp_amravati,MP@Amravati2026!
Lok Sabha,District Authority Auditor,AMRELI,AMRELI,Gujarat,BHARATBHAI MANUBHAI SUTARIYA,District Authority Auditor,auditor_amreli,Auditor@Amreli2026!
Lok Sabha,Member of Parliament (Lok Sabha),AMRELI,AMRELI,Gujarat,BHARATBHAI MANUBHAI SUTARIYA,Member of Parliament,mp_amreli,MP@Amreli2026!
Lok Sabha,District Authority Auditor,AMRITSAR,AMRITSAR,Punjab,Shri Gurjeet Singh Aujla,District Authority Auditor,auditor_amritsar,Auditor@Amritsar2026!
Lok Sabha,Member of Parliament (Lok Sabha),AMRITSAR,AMRITSAR,Punjab,Shri Gurjeet Singh Aujla,Member of Parliament,mp_amritsar,MP@Amritsar2026!
Lok Sabha,District Authority Auditor,AMROHA,AMROHA,Uttar Pradesh,KANWAR SINGH TANWAR,District Authority Auditor,auditor_amroha,Auditor@Amroha2026!
Lok Sabha,Member of Parliament (Lok Sabha),AMROHA,AMROHA,Uttar Pradesh,KANWAR SINGH TANWAR,Member of Parliament,mp_amroha,MP@Amroha2026!
Lok Sabha,District Authority Auditor,ANAKAPALLE,ANAKAPALLE,Andhra Pradesh,C.M.RAMESH,District Authority Auditor,auditor_anakapalle,Auditor@Anakapalle2026!
Lok Sabha,Member of Parliament (Lok Sabha),ANAKAPALLE,ANAKAPALLE,Andhra Pradesh,C.M.RAMESH,Member of Parliament,mp_anakapalle,MP@Anakapalle2026!
Lok Sabha,District Authority Auditor,ANAND,ANAND,Gujarat,Mitesh Rameshbhai Bakabhai Patel,District Authority Auditor,auditor_anand,Auditor@Anand2026!
Lok Sabha,Member of Parliament (Lok Sabha),ANAND,ANAND,Gujarat,Mitesh Rameshbhai Bakabhai Patel,Member of Parliament,mp_anand,MP@Anand2026!
Lok Sabha,District Authority Auditor,ANANDPUR SAHIB,ANANDPUR SAHIB,Punjab,MALVINDER SINGH KANG,District Authority Auditor,auditor_anandpur_sahib,Auditor@AnandpurSahi2026!
Lok Sabha,Member of Parliament (Lok Sabha),ANANDPUR SAHIB,ANANDPUR SAHIB,Punjab,MALVINDER SINGH KANG,Member of Parliament,mp_anandpur_sahib,MP@AnandpurSahi2026!
Lok Sabha,District Authority Auditor,ANANTAPUR,ANANTAPUR,Andhra Pradesh,AMBICA G LAKSHMINARAYANA VALMIKI,District Authority Auditor,auditor_anantapur,Auditor@Anantapur2026!
Lok Sabha,Member of Parliament (Lok Sabha),ANANTAPUR,ANANTAPUR,Andhra Pradesh,AMBICA G LAKSHMINARAYANA VALMIKI,Member of Parliament,mp_anantapur,MP@Anantapur2026!
Lok Sabha,District Authority Auditor,ANANTNAG,ANANTNAG,Jammu And Kashmir,MIAN ALTAF AHMAD,District Authority Auditor,auditor_anantnag,Auditor@Anantnag2026!
Lok Sabha,Member of Parliament (Lok Sabha),ANANTNAG,ANANTNAG,Jammu And Kashmir,MIAN ALTAF AHMAD,Member of Parliament,mp_anantnag,MP@Anantnag2026!
Lok Sabha,District Authority Auditor,ANDAMAN AND NICOBAR ISLANDS,ANDAMAN AND NICOBAR ISLANDS,Andaman And Nicobar Islands,BISHNU PADA RAY,District Authority Auditor,auditor_andaman_and_nicobar_islands,Auditor@AndamanAndNi2026!
Lok Sabha,Member of Parliament (Lok Sabha),ANDAMAN AND NICOBAR ISLANDS,ANDAMAN AND NICOBAR ISLANDS,Andaman And Nicobar Islands,BISHNU PADA RAY,Member of Parliament,mp_andaman_and_nicobar_islands,MP@AndamanAndNi2026!
Lok Sabha,District Authority Auditor,AONLA,AONLA,Uttar Pradesh,NEERAJ MAURYA,District Authority Auditor,auditor_aonla,Auditor@Aonla2026!
Lok Sabha,Member of Parliament (Lok Sabha),AONLA,AONLA,Uttar Pradesh,NEERAJ MAURYA,Member of Parliament,mp_aonla,MP@Aonla2026!
Lok Sabha,District Authority Auditor,ARAKKONAM,ARAKKONAM,Tamil Nadu,S. Jagathrakshakan,District Authority Auditor,auditor_arakkonam,Auditor@Arakkonam2026!
Lok Sabha,Member of Parliament (Lok Sabha),ARAKKONAM,ARAKKONAM,Tamil Nadu,S. Jagathrakshakan,Member of Parliament,mp_arakkonam,MP@Arakkonam2026!
Lok Sabha,District Authority Auditor,ARAKU(ST),ARAKU(ST),Andhra Pradesh,Gumma Thanuja Rani,District Authority Auditor,auditor_araku,Auditor@Araku2026!
Lok Sabha,Member of Parliament (Lok Sabha),ARAKU(ST),ARAKU(ST),Andhra Pradesh,Gumma Thanuja Rani,Member of Parliament,mp_araku,MP@Araku2026!
Lok Sabha,District Authority Auditor,ARAMBAG(SC),ARAMBAG(SC),West Bengal,BAG MITALI,District Authority Auditor,auditor_arambag,Auditor@Arambag2026!
Lok Sabha,Member of Parliament (Lok Sabha),ARAMBAG(SC),ARAMBAG(SC),West Bengal,BAG MITALI,Member of Parliament,mp_arambag,MP@Arambag2026!
Lok Sabha,District Authority Auditor,ARANI,ARANI,Tamil Nadu,THARANIVENTHAN M S,District Authority Auditor,auditor_arani,Auditor@Arani2026!
Lok Sabha,Member of Parliament (Lok Sabha),ARANI,ARANI,Tamil Nadu,THARANIVENTHAN M S,Member of Parliament,mp_arani,MP@Arani2026!
Lok Sabha,District Authority Auditor,ARARIA,ARARIA,Bihar,Pradeep Kumar Singh,District Authority Auditor,auditor_araria,Auditor@Araria2026!
Lok Sabha,Member of Parliament (Lok Sabha),ARARIA,ARARIA,Bihar,Pradeep Kumar Singh,Member of Parliament,mp_araria,MP@Araria2026!
Lok Sabha,District Authority Auditor,ARRAH,ARRAH,Bihar,SUDAMA PRASAD,District Authority Auditor,auditor_arrah,Auditor@Arrah2026!
Lok Sabha,Member of Parliament (Lok Sabha),ARRAH,ARRAH,Bihar,SUDAMA PRASAD,Member of Parliament,mp_arrah,MP@Arrah2026!
Lok Sabha,District Authority Auditor,ARUNACHAL EAST,ARUNACHAL EAST,Arunachal Pradesh,Shri Tapir Gao,District Authority Auditor,auditor_arunachal_east,Auditor@ArunachalEas2026!
Lok Sabha,Member of Parliament (Lok Sabha),ARUNACHAL EAST,ARUNACHAL EAST,Arunachal Pradesh,Shri Tapir Gao,Member of Parliament,mp_arunachal_east,MP@ArunachalEas2026!
Lok Sabha,District Authority Auditor,ARUNACHAL WEST,ARUNACHAL WEST,Arunachal Pradesh,Kiren Rijiju,District Authority Auditor,auditor_arunachal_west,Auditor@ArunachalWes2026!
Lok Sabha,Member of Parliament (Lok Sabha),ARUNACHAL WEST,ARUNACHAL WEST,Arunachal Pradesh,Kiren Rijiju,Member of Parliament,mp_arunachal_west,MP@ArunachalWes2026!
Lok Sabha,District Authority Auditor,ASANSOL,ASANSOL,West Bengal,Shatrughan Sinha,District Authority Auditor,auditor_asansol,Auditor@Asansol2026!
Lok Sabha,Member of Parliament (Lok Sabha),ASANSOL,ASANSOL,West Bengal,Shatrughan Sinha,Member of Parliament,mp_asansol,MP@Asansol2026!
Lok Sabha,District Authority Auditor,ASKA,ASKA,Odisha,ANITA SUBHADARSHINI,District Authority Auditor,auditor_aska,Auditor@Aska2026!
Lok Sabha,Member of Parliament (Lok Sabha),ASKA,ASKA,Odisha,ANITA SUBHADARSHINI,Member of Parliament,mp_aska,MP@Aska2026!
Lok Sabha,District Authority Auditor,ATTINGAL,ATTINGAL,Kerala,Adv Adoor Prakash,District Authority Auditor,auditor_attingal,Auditor@Attingal2026!
Lok Sabha,Member of Parliament (Lok Sabha),ATTINGAL,ATTINGAL,Kerala,Adv Adoor Prakash,Member of Parliament,mp_attingal,MP@Attingal2026!
Lok Sabha,District Authority Auditor,AURANGABAD_BR,AURANGABAD_BR,Bihar,ABHAY KUMAR SINHA,District Authority Auditor,auditor_aurangabad_br,Auditor@AurangabadBr2026!
Lok Sabha,Member of Parliament (Lok Sabha),AURANGABAD_BR,AURANGABAD_BR,Bihar,ABHAY KUMAR SINHA,Member of Parliament,mp_aurangabad_br,MP@AurangabadBr2026!
Lok Sabha,District Authority Auditor,AURANGABAD_MH,AURANGABAD_MH,Maharashtra,BHUMARE SANDIPANRAO ASARAM,District Authority Auditor,auditor_aurangabad_mh,Auditor@AurangabadMh2026!
Lok Sabha,Member of Parliament (Lok Sabha),AURANGABAD_MH,AURANGABAD_MH,Maharashtra,BHUMARE SANDIPANRAO ASARAM,Member of Parliament,mp_aurangabad_mh,MP@AurangabadMh2026!
Lok Sabha,District Authority Auditor,AZAMGARH,AZAMGARH,Uttar Pradesh,DHARMENDRA YADAV,District Authority Auditor,auditor_azamgarh,Auditor@Azamgarh2026!
Lok Sabha,Member of Parliament (Lok Sabha),AZAMGARH,AZAMGARH,Uttar Pradesh,DHARMENDRA YADAV,Member of Parliament,mp_azamgarh,MP@Azamgarh2026!
Lok Sabha,District Authority Auditor,BADAUN,BADAUN,Uttar Pradesh,ADITYA YADAV,District Authority Auditor,auditor_badaun,Auditor@Badaun2026!
Lok Sabha,Member of Parliament (Lok Sabha),BADAUN,BADAUN,Uttar Pradesh,ADITYA YADAV,Member of Parliament,mp_badaun,MP@Badaun2026!
Lok Sabha,District Authority Auditor,BAGALKOT,BAGALKOT,Karnataka,Parvatagouda Chandanagouda Gaddigoudar,District Authority Auditor,auditor_bagalkot,Auditor@Bagalkot2026!
Lok Sabha,Member of Parliament (Lok Sabha),BAGALKOT,BAGALKOT,Karnataka,Parvatagouda Chandanagouda Gaddigoudar,Member of Parliament,mp_bagalkot,MP@Bagalkot2026!
Lok Sabha,District Authority Auditor,BAGHPAT,BAGHPAT,Uttar Pradesh,DR RAJKUMAR SANGWAN,District Authority Auditor,auditor_baghpat,Auditor@Baghpat2026!
Lok Sabha,Member of Parliament (Lok Sabha),BAGHPAT,BAGHPAT,Uttar Pradesh,DR RAJKUMAR SANGWAN,Member of Parliament,mp_baghpat,MP@Baghpat2026!
Lok Sabha,District Authority Auditor,BAHARAMPUR,BAHARAMPUR,West Bengal,PATHAN YUSUF,District Authority Auditor,auditor_baharampur,Auditor@Baharampur2026!
Lok Sabha,Member of Parliament (Lok Sabha),BAHARAMPUR,BAHARAMPUR,West Bengal,PATHAN YUSUF,Member of Parliament,mp_baharampur,MP@Baharampur2026!
Lok Sabha,District Authority Auditor,BAHRAICH(SC),BAHRAICH(SC),Uttar Pradesh,ANAND KUMAR,District Authority Auditor,auditor_bahraich,Auditor@Bahraich2026!
Lok Sabha,Member of Parliament (Lok Sabha),BAHRAICH(SC),BAHRAICH(SC),Uttar Pradesh,ANAND KUMAR,Member of Parliament,mp_bahraich,MP@Bahraich2026!
Lok Sabha,District Authority Auditor,BALAGHAT,BALAGHAT,Madhya Pradesh,BHARTI PARDHI,District Authority Auditor,auditor_balaghat,Auditor@Balaghat2026!
Lok Sabha,Member of Parliament (Lok Sabha),BALAGHAT,BALAGHAT,Madhya Pradesh,BHARTI PARDHI,Member of Parliament,mp_balaghat,MP@Balaghat2026!
Lok Sabha,District Authority Auditor,BALASORE,BALASORE,Odisha,Pratap Chandra Sarangi,District Authority Auditor,auditor_balasore,Auditor@Balasore2026!
Lok Sabha,Member of Parliament (Lok Sabha),BALASORE,BALASORE,Odisha,Pratap Chandra Sarangi,Member of Parliament,mp_balasore,MP@Balasore2026!
Lok Sabha,District Authority Auditor,BALLIA,BALLIA,Uttar Pradesh,SANATAN PANDEY,District Authority Auditor,auditor_ballia,Auditor@Ballia2026!
Lok Sabha,Member of Parliament (Lok Sabha),BALLIA,BALLIA,Uttar Pradesh,SANATAN PANDEY,Member of Parliament,mp_ballia,MP@Ballia2026!
Lok Sabha,District Authority Auditor,BALURGHAT,BALURGHAT,West Bengal,Dr Sukanta Majumdar,District Authority Auditor,auditor_balurghat,Auditor@Balurghat2026!
Lok Sabha,Member of Parliament (Lok Sabha),BALURGHAT,BALURGHAT,West Bengal,Dr Sukanta Majumdar,Member of Parliament,mp_balurghat,MP@Balurghat2026!
Lok Sabha,District Authority Auditor,BANASKANTHA,BANASKANTHA,Gujarat,GENIBEN NAGAJI THAKOR,District Authority Auditor,auditor_banaskantha,Auditor@Banaskantha2026!
Lok Sabha,Member of Parliament (Lok Sabha),BANASKANTHA,BANASKANTHA,Gujarat,GENIBEN NAGAJI THAKOR,Member of Parliament,mp_banaskantha,MP@Banaskantha2026!
Lok Sabha,District Authority Auditor,BANDA,BANDA,Uttar Pradesh,KRISHNA DEVI SHIVSHANKER PATEL,District Authority Auditor,auditor_banda,Auditor@Banda2026!
Lok Sabha,Member of Parliament (Lok Sabha),BANDA,BANDA,Uttar Pradesh,KRISHNA DEVI SHIVSHANKER PATEL,Member of Parliament,mp_banda,MP@Banda2026!
Lok Sabha,District Authority Auditor,BANGALORE CENTRAL,BANGALORE CENTRAL,Karnataka,P C Mohan,District Authority Auditor,auditor_bangalore_central,Auditor@BangaloreCen2026!
Lok Sabha,Member of Parliament (Lok Sabha),BANGALORE CENTRAL,BANGALORE CENTRAL,Karnataka,P C Mohan,Member of Parliament,mp_bangalore_central,MP@BangaloreCen2026!
Lok Sabha,District Authority Auditor,BANGALORE NORTH,BANGALORE NORTH,Karnataka,SHOBHA KARANDLAJE,District Authority Auditor,auditor_bangalore_north,Auditor@BangaloreNor2026!
Lok Sabha,Member of Parliament (Lok Sabha),BANGALORE NORTH,BANGALORE NORTH,Karnataka,SHOBHA KARANDLAJE,Member of Parliament,mp_bangalore_north,MP@BangaloreNor2026!
Lok Sabha,District Authority Auditor,BANGALORE RURAL,BANGALORE RURAL,Karnataka,DR C N MANJUNATH,District Authority Auditor,auditor_bangalore_rural,Auditor@BangaloreRur2026!
Lok Sabha,Member of Parliament (Lok Sabha),BANGALORE RURAL,BANGALORE RURAL,Karnataka,DR C N MANJUNATH,Member of Parliament,mp_bangalore_rural,MP@BangaloreRur2026!
Lok Sabha,District Authority Auditor,BANGALORE SOUTH,BANGALORE SOUTH,Karnataka,Shri LS Tejasvi Surya,District Authority Auditor,auditor_bangalore_south,Auditor@BangaloreSou2026!
Lok Sabha,Member of Parliament (Lok Sabha),BANGALORE SOUTH,BANGALORE SOUTH,Karnataka,Shri LS Tejasvi Surya,Member of Parliament,mp_bangalore_south,MP@BangaloreSou2026!
Lok Sabha,District Authority Auditor,BANGAON(SC),BANGAON(SC),West Bengal,Shri Shantanu Thakur,District Authority Auditor,auditor_bangaon,Auditor@Bangaon2026!
Lok Sabha,Member of Parliament (Lok Sabha),BANGAON(SC),BANGAON(SC),West Bengal,Shri Shantanu Thakur,Member of Parliament,mp_bangaon,MP@Bangaon2026!
Lok Sabha,District Authority Auditor,BANKA,BANKA,Bihar,Giridhari Yadav,District Authority Auditor,auditor_banka,Auditor@Banka2026!
Lok Sabha,Member of Parliament (Lok Sabha),BANKA,BANKA,Bihar,Giridhari Yadav,Member of Parliament,mp_banka,MP@Banka2026!
Lok Sabha,District Authority Auditor,BANKURA,BANKURA,West Bengal,ARUP CHAKRABORTY,District Authority Auditor,auditor_bankura,Auditor@Bankura2026!
Lok Sabha,Member of Parliament (Lok Sabha),BANKURA,BANKURA,West Bengal,ARUP CHAKRABORTY,Member of Parliament,mp_bankura,MP@Bankura2026!
Lok Sabha,District Authority Auditor,BANSGAON(SC),BANSGAON(SC),Uttar Pradesh,Kamlesh Paswan,District Authority Auditor,auditor_bansgaon,Auditor@Bansgaon2026!
Lok Sabha,Member of Parliament (Lok Sabha),BANSGAON(SC),BANSGAON(SC),Uttar Pradesh,Kamlesh Paswan,Member of Parliament,mp_bansgaon,MP@Bansgaon2026!
Lok Sabha,District Authority Auditor,BANSWARA(ST),BANSWARA(ST),Rajasthan,RAJ KUMAR ROAT,District Authority Auditor,auditor_banswara,Auditor@Banswara2026!
Lok Sabha,Member of Parliament (Lok Sabha),BANSWARA(ST),BANSWARA(ST),Rajasthan,RAJ KUMAR ROAT,Member of Parliament,mp_banswara,MP@Banswara2026!
Lok Sabha,District Authority Auditor,BAPATLA,BAPATLA,Andhra Pradesh,Krishna Prasad Tenneti,District Authority Auditor,auditor_bapatla,Auditor@Bapatla2026!
Lok Sabha,Member of Parliament (Lok Sabha),BAPATLA,BAPATLA,Andhra Pradesh,Krishna Prasad Tenneti,Member of Parliament,mp_bapatla,MP@Bapatla2026!
Lok Sabha,District Authority Auditor,BARABANKI(SC),BARABANKI(SC),Uttar Pradesh,TANUJ PUNIA,District Authority Auditor,auditor_barabanki,Auditor@Barabanki2026!
Lok Sabha,Member of Parliament (Lok Sabha),BARABANKI(SC),BARABANKI(SC),Uttar Pradesh,TANUJ PUNIA,Member of Parliament,mp_barabanki,MP@Barabanki2026!
Lok Sabha,District Authority Auditor,BARAMATI,BARAMATI,Maharashtra,Smt Supriya Sadanand Sule,District Authority Auditor,auditor_baramati,Auditor@Baramati2026!
Lok Sabha,Member of Parliament (Lok Sabha),BARAMATI,BARAMATI,Maharashtra,Smt Supriya Sadanand Sule,Member of Parliament,mp_baramati,MP@Baramati2026!
Lok Sabha,District Authority Auditor,BARAMULLAH,BARAMULLAH,Jammu And Kashmir,ABDUL RASHID SHEIKH,District Authority Auditor,auditor_baramullah,Auditor@Baramullah2026!
Lok Sabha,Member of Parliament (Lok Sabha),BARAMULLAH,BARAMULLAH,Jammu And Kashmir,ABDUL RASHID SHEIKH,Member of Parliament,mp_baramullah,MP@Baramullah2026!
Lok Sabha,District Authority Auditor,BARASAT,BARASAT,West Bengal,Kakoli Ghosh Dastidar,District Authority Auditor,auditor_barasat,Auditor@Barasat2026!
Lok Sabha,Member of Parliament (Lok Sabha),BARASAT,BARASAT,West Bengal,Kakoli Ghosh Dastidar,Member of Parliament,mp_barasat,MP@Barasat2026!
Lok Sabha,District Authority Auditor,BARDHAMAN PURBA(SC),BARDHAMAN PURBA(SC),West Bengal,DR. SHARMILA SARKAR,District Authority Auditor,auditor_bardhaman_purba,Auditor@BardhamanPur2026!
Lok Sabha,Member of Parliament (Lok Sabha),BARDHAMAN PURBA(SC),BARDHAMAN PURBA(SC),West Bengal,DR. SHARMILA SARKAR,Member of Parliament,mp_bardhaman_purba,MP@BardhamanPur2026!
Lok Sabha,District Authority Auditor,BARDHAMAN-DURGAPUR,BARDHAMAN-DURGAPUR,West Bengal,AZAD KIRTI JHA,District Authority Auditor,auditor_bardhaman_durgapur,Auditor@BardhamanDur2026!
Lok Sabha,Member of Parliament (Lok Sabha),BARDHAMAN-DURGAPUR,BARDHAMAN-DURGAPUR,West Bengal,AZAD KIRTI JHA,Member of Parliament,mp_bardhaman_durgapur,MP@BardhamanDur2026!
Lok Sabha,District Authority Auditor,BARDOLI(ST),BARDOLI(ST),Gujarat,Prabhubhai Nagarbhai Vasava,District Authority Auditor,auditor_bardoli,Auditor@Bardoli2026!
Lok Sabha,Member of Parliament (Lok Sabha),BARDOLI(ST),BARDOLI(ST),Gujarat,Prabhubhai Nagarbhai Vasava,Member of Parliament,mp_bardoli,MP@Bardoli2026!
Lok Sabha,District Authority Auditor,BAREILLY,BAREILLY,Uttar Pradesh,CHHATRA PAL SINGH GANGWAR,District Authority Auditor,auditor_bareilly,Auditor@Bareilly2026!
Lok Sabha,Member of Parliament (Lok Sabha),BAREILLY,BAREILLY,Uttar Pradesh,CHHATRA PAL SINGH GANGWAR,Member of Parliament,mp_bareilly,MP@Bareilly2026!
Lok Sabha,District Authority Auditor,BARGARH,BARGARH,Odisha,PRADEEP PUROHIT,District Authority Auditor,auditor_bargarh,Auditor@Bargarh2026!
Lok Sabha,Member of Parliament (Lok Sabha),BARGARH,BARGARH,Odisha,PRADEEP PUROHIT,Member of Parliament,mp_bargarh,MP@Bargarh2026!
Lok Sabha,District Authority Auditor,BARMER,BARMER,Rajasthan,UMMEDA RAM BENIWAL,District Authority Auditor,auditor_barmer,Auditor@Barmer2026!
Lok Sabha,Member of Parliament (Lok Sabha),BARMER,BARMER,Rajasthan,UMMEDA RAM BENIWAL,Member of Parliament,mp_barmer,MP@Barmer2026!
Lok Sabha,District Authority Auditor,BARPETA,BARPETA,Assam,PHANI BHUSAN CHOUDHURY,District Authority Auditor,auditor_barpeta,Auditor@Barpeta2026!
Lok Sabha,Member of Parliament (Lok Sabha),BARPETA,BARPETA,Assam,PHANI BHUSAN CHOUDHURY,Member of Parliament,mp_barpeta,MP@Barpeta2026!
Lok Sabha,District Authority Auditor,BARRACKPUR,BARRACKPUR,West Bengal,PARTHA BHOWMICK,District Authority Auditor,auditor_barrackpur,Auditor@Barrackpur2026!
Lok Sabha,Member of Parliament (Lok Sabha),BARRACKPUR,BARRACKPUR,West Bengal,PARTHA BHOWMICK,Member of Parliament,mp_barrackpur,MP@Barrackpur2026!
Lok Sabha,District Authority Auditor,BASIRHAT,BASIRHAT,West Bengal,SK NURUL ISLAM,District Authority Auditor,auditor_basirhat,Auditor@Basirhat2026!
Lok Sabha,Member of Parliament (Lok Sabha),BASIRHAT,BASIRHAT,West Bengal,SK NURUL ISLAM,Member of Parliament,mp_basirhat,MP@Basirhat2026!
Lok Sabha,District Authority Auditor,BASTAR(ST),BASTAR(ST),Chhattisgarh,MAHESH KASHYAP,District Authority Auditor,auditor_bastar,Auditor@Bastar2026!
Lok Sabha,Member of Parliament (Lok Sabha),BASTAR(ST),BASTAR(ST),Chhattisgarh,MAHESH KASHYAP,Member of Parliament,mp_bastar,MP@Bastar2026!
Lok Sabha,District Authority Auditor,BASTI,BASTI,Uttar Pradesh,RAM PRASAD CHAUDHARY,District Authority Auditor,auditor_basti,Auditor@Basti2026!
Lok Sabha,Member of Parliament (Lok Sabha),BASTI,BASTI,Uttar Pradesh,RAM PRASAD CHAUDHARY,Member of Parliament,mp_basti,MP@Basti2026!
Lok Sabha,District Authority Auditor,BEED,BEED,Maharashtra,BAJRANG MANOHAR SONWANE,District Authority Auditor,auditor_beed,Auditor@Beed2026!
Lok Sabha,Member of Parliament (Lok Sabha),BEED,BEED,Maharashtra,BAJRANG MANOHAR SONWANE,Member of Parliament,mp_beed,MP@Beed2026!
Lok Sabha,District Authority Auditor,BEGUSARAI,BEGUSARAI,Bihar,Giriraj Singh,District Authority Auditor,auditor_begusarai,Auditor@Begusarai2026!
Lok Sabha,Member of Parliament (Lok Sabha),BEGUSARAI,BEGUSARAI,Bihar,Giriraj Singh,Member of Parliament,mp_begusarai,MP@Begusarai2026!
Lok Sabha,District Authority Auditor,BELGAUM,BELGAUM,Karnataka,JAGADISH SHETTAR,District Authority Auditor,auditor_belgaum,Auditor@Belgaum2026!
Lok Sabha,Member of Parliament (Lok Sabha),BELGAUM,BELGAUM,Karnataka,JAGADISH SHETTAR,Member of Parliament,mp_belgaum,MP@Belgaum2026!
Lok Sabha,District Authority Auditor,BELLARY(ST),BELLARY(ST),Karnataka,E. TUKARAM,District Authority Auditor,auditor_bellary,Auditor@Bellary2026!
Lok Sabha,Member of Parliament (Lok Sabha),BELLARY(ST),BELLARY(ST),Karnataka,E. TUKARAM,Member of Parliament,mp_bellary,MP@Bellary2026!
Lok Sabha,District Authority Auditor,BERHAMPUR,BERHAMPUR,Odisha,DR. PRADEEP KUMAR PANIGRAHY,District Authority Auditor,auditor_berhampur,Auditor@Berhampur2026!
Lok Sabha,Member of Parliament (Lok Sabha),BERHAMPUR,BERHAMPUR,Odisha,DR. PRADEEP KUMAR PANIGRAHY,Member of Parliament,mp_berhampur,MP@Berhampur2026!
Lok Sabha,District Authority Auditor,BETUL(ST),BETUL(ST),Madhya Pradesh,Durga Das Uikey,District Authority Auditor,auditor_betul,Auditor@Betul2026!
Lok Sabha,Member of Parliament (Lok Sabha),BETUL(ST),BETUL(ST),Madhya Pradesh,Durga Das Uikey,Member of Parliament,mp_betul,MP@Betul2026!
Lok Sabha,District Authority Auditor,BHADOHI,BHADOHI,Uttar Pradesh,VINOD KUMAR BIND,District Authority Auditor,auditor_bhadohi,Auditor@Bhadohi2026!
Lok Sabha,Member of Parliament (Lok Sabha),BHADOHI,BHADOHI,Uttar Pradesh,VINOD KUMAR BIND,Member of Parliament,mp_bhadohi,MP@Bhadohi2026!
Lok Sabha,District Authority Auditor,BHADRAK(SC),BHADRAK(SC),Odisha,AVIMANYU SETHI,District Authority Auditor,auditor_bhadrak,Auditor@Bhadrak2026!
Lok Sabha,Member of Parliament (Lok Sabha),BHADRAK(SC),BHADRAK(SC),Odisha,AVIMANYU SETHI,Member of Parliament,mp_bhadrak,MP@Bhadrak2026!
Lok Sabha,District Authority Auditor,BHAGALPUR,BHAGALPUR,Bihar,Ajay Kumar Mandal,District Authority Auditor,auditor_bhagalpur,Auditor@Bhagalpur2026!
Lok Sabha,Member of Parliament (Lok Sabha),BHAGALPUR,BHAGALPUR,Bihar,Ajay Kumar Mandal,Member of Parliament,mp_bhagalpur,MP@Bhagalpur2026!
Lok Sabha,District Authority Auditor,BHANDARA-GONDIYA,BHANDARA-GONDIYA,Maharashtra,DR. PRASHANT YADAORAO PADOLE,District Authority Auditor,auditor_bhandara_gondiya,Auditor@BhandaraGond2026!
Lok Sabha,Member of Parliament (Lok Sabha),BHANDARA-GONDIYA,BHANDARA-GONDIYA,Maharashtra,DR. PRASHANT YADAORAO PADOLE,Member of Parliament,mp_bhandara_gondiya,MP@BhandaraGond2026!
Lok Sabha,District Authority Auditor,BHARATPUR(SC),BHARATPUR(SC),Rajasthan,SANJNA JATAV,District Authority Auditor,auditor_bharatpur,Auditor@Bharatpur2026!
Lok Sabha,Member of Parliament (Lok Sabha),BHARATPUR(SC),BHARATPUR(SC),Rajasthan,SANJNA JATAV,Member of Parliament,mp_bharatpur,MP@Bharatpur2026!
Lok Sabha,District Authority Auditor,BHARUCH,BHARUCH,Gujarat,Mansukhbhai Dhanjibhai Vasava,District Authority Auditor,auditor_bharuch,Auditor@Bharuch2026!
Lok Sabha,Member of Parliament (Lok Sabha),BHARUCH,BHARUCH,Gujarat,Mansukhbhai Dhanjibhai Vasava,Member of Parliament,mp_bharuch,MP@Bharuch2026!
Lok Sabha,District Authority Auditor,BHATINDA,BHATINDA,Punjab,Smt Harsimrat Kaur Badal,District Authority Auditor,auditor_bhatinda,Auditor@Bhatinda2026!
Lok Sabha,Member of Parliament (Lok Sabha),BHATINDA,BHATINDA,Punjab,Smt Harsimrat Kaur Badal,Member of Parliament,mp_bhatinda,MP@Bhatinda2026!
Lok Sabha,District Authority Auditor,BHAVNAGAR,BHAVNAGAR,Gujarat,NIMUBEN JAYANTIBHAI BAMBHANIYA,District Authority Auditor,auditor_bhavnagar,Auditor@Bhavnagar2026!
Lok Sabha,Member of Parliament (Lok Sabha),BHAVNAGAR,BHAVNAGAR,Gujarat,NIMUBEN JAYANTIBHAI BAMBHANIYA,Member of Parliament,mp_bhavnagar,MP@Bhavnagar2026!
Lok Sabha,District Authority Auditor,BHILWARA,BHILWARA,Rajasthan,DAMODAR AGARWAL,District Authority Auditor,auditor_bhilwara,Auditor@Bhilwara2026!
Lok Sabha,Member of Parliament (Lok Sabha),BHILWARA,BHILWARA,Rajasthan,DAMODAR AGARWAL,Member of Parliament,mp_bhilwara,MP@Bhilwara2026!
Lok Sabha,District Authority Auditor,BHIND(SC),BHIND(SC),Madhya Pradesh,Smt Sandhya Ray,District Authority Auditor,auditor_bhind,Auditor@Bhind2026!
Lok Sabha,Member of Parliament (Lok Sabha),BHIND(SC),BHIND(SC),Madhya Pradesh,Smt Sandhya Ray,Member of Parliament,mp_bhind,MP@Bhind2026!
Lok Sabha,District Authority Auditor,BHIWANDI,BHIWANDI,Maharashtra,BALYA MAMA SURESH GOPINATH MHATRE,District Authority Auditor,auditor_bhiwandi,Auditor@Bhiwandi2026!
Lok Sabha,Member of Parliament (Lok Sabha),BHIWANDI,BHIWANDI,Maharashtra,BALYA MAMA SURESH GOPINATH MHATRE,Member of Parliament,mp_bhiwandi,MP@Bhiwandi2026!
Lok Sabha,District Authority Auditor,BHIWANI MAHENDRAGARH,BHIWANI MAHENDRAGARH,Haryana,Shri  Dharambir Singh,District Authority Auditor,auditor_bhiwani_mahendragarh,Auditor@BhiwaniMahen2026!
Lok Sabha,Member of Parliament (Lok Sabha),BHIWANI MAHENDRAGARH,BHIWANI MAHENDRAGARH,Haryana,Shri  Dharambir Singh,Member of Parliament,mp_bhiwani_mahendragarh,MP@BhiwaniMahen2026!
Lok Sabha,District Authority Auditor,BHONGIR,BHONGIR,Telangana,CHAMALA KIRAN KUMAR REDDY,District Authority Auditor,auditor_bhongir,Auditor@Bhongir2026!
Lok Sabha,Member of Parliament (Lok Sabha),BHONGIR,BHONGIR,Telangana,CHAMALA KIRAN KUMAR REDDY,Member of Parliament,mp_bhongir,MP@Bhongir2026!
Lok Sabha,District Authority Auditor,BHOPAL,BHOPAL,Madhya Pradesh,ALOK SHARMA,District Authority Auditor,auditor_bhopal,Auditor@Bhopal2026!
Lok Sabha,Member of Parliament (Lok Sabha),BHOPAL,BHOPAL,Madhya Pradesh,ALOK SHARMA,Member of Parliament,mp_bhopal,MP@Bhopal2026!
Lok Sabha,District Authority Auditor,BHUBANESWAR,BHUBANESWAR,Odisha,Smt Aparajita Sarangi,District Authority Auditor,auditor_bhubaneswar,Auditor@Bhubaneswar2026!
Lok Sabha,Member of Parliament (Lok Sabha),BHUBANESWAR,BHUBANESWAR,Odisha,Smt Aparajita Sarangi,Member of Parliament,mp_bhubaneswar,MP@Bhubaneswar2026!
Lok Sabha,District Authority Auditor,BIDAR,BIDAR,Karnataka,SAGAR ESHWAR KHANDRE,District Authority Auditor,auditor_bidar,Auditor@Bidar2026!
Lok Sabha,Member of Parliament (Lok Sabha),BIDAR,BIDAR,Karnataka,SAGAR ESHWAR KHANDRE,Member of Parliament,mp_bidar,MP@Bidar2026!
Lok Sabha,District Authority Auditor,BIJAPUR(SC),BIJAPUR(SC),Karnataka,Ramesh Chandappa Jigajinagi,District Authority Auditor,auditor_bijapur,Auditor@Bijapur2026!
Lok Sabha,Member of Parliament (Lok Sabha),BIJAPUR(SC),BIJAPUR(SC),Karnataka,Ramesh Chandappa Jigajinagi,Member of Parliament,mp_bijapur,MP@Bijapur2026!
Lok Sabha,District Authority Auditor,BIJNOR,BIJNOR,Uttar Pradesh,CHANDAN CHAUHAN,District Authority Auditor,auditor_bijnor,Auditor@Bijnor2026!
Lok Sabha,Member of Parliament (Lok Sabha),BIJNOR,BIJNOR,Uttar Pradesh,CHANDAN CHAUHAN,Member of Parliament,mp_bijnor,MP@Bijnor2026!
Lok Sabha,District Authority Auditor,BIKANER(SC),BIKANER(SC),Rajasthan,Shri Arjun Ram Meghwal,District Authority Auditor,auditor_bikaner,Auditor@Bikaner2026!
Lok Sabha,Member of Parliament (Lok Sabha),BIKANER(SC),BIKANER(SC),Rajasthan,Shri Arjun Ram Meghwal,Member of Parliament,mp_bikaner,MP@Bikaner2026!
Lok Sabha,District Authority Auditor,BILASPUR,BILASPUR,Chhattisgarh,TOKHAN SAHU,District Authority Auditor,auditor_bilaspur,Auditor@Bilaspur2026!
Lok Sabha,Member of Parliament (Lok Sabha),BILASPUR,BILASPUR,Chhattisgarh,TOKHAN SAHU,Member of Parliament,mp_bilaspur,MP@Bilaspur2026!
Lok Sabha,District Authority Auditor,BIRBHUM,BIRBHUM,West Bengal,Smt Satabdi Roy (Banerjee),District Authority Auditor,auditor_birbhum,Auditor@Birbhum2026!
Lok Sabha,Member of Parliament (Lok Sabha),BIRBHUM,BIRBHUM,West Bengal,Smt Satabdi Roy (Banerjee),Member of Parliament,mp_birbhum,MP@Birbhum2026!
Lok Sabha,District Authority Auditor,BISHNUPUR(SC),BISHNUPUR(SC),West Bengal,Saumitra khan,District Authority Auditor,auditor_bishnupur,Auditor@Bishnupur2026!
Lok Sabha,Member of Parliament (Lok Sabha),BISHNUPUR(SC),BISHNUPUR(SC),West Bengal,Saumitra khan,Member of Parliament,mp_bishnupur,MP@Bishnupur2026!
Lok Sabha,District Authority Auditor,BOLANGIR,BOLANGIR,Odisha,Smt Sangeeta Kumari Singh Deo,District Authority Auditor,auditor_bolangir,Auditor@Bolangir2026!
Lok Sabha,Member of Parliament (Lok Sabha),BOLANGIR,BOLANGIR,Odisha,Smt Sangeeta Kumari Singh Deo,Member of Parliament,mp_bolangir,MP@Bolangir2026!
Lok Sabha,District Authority Auditor,BOLPUR(SC),BOLPUR(SC),West Bengal,Asit Kumar Mal,District Authority Auditor,auditor_bolpur,Auditor@Bolpur2026!
Lok Sabha,Member of Parliament (Lok Sabha),BOLPUR(SC),BOLPUR(SC),West Bengal,Asit Kumar Mal,Member of Parliament,mp_bolpur,MP@Bolpur2026!
Lok Sabha,District Authority Auditor,BULANDSHAHR(SC),BULANDSHAHR(SC),Uttar Pradesh,Bhola Singh,District Authority Auditor,auditor_bulandshahr,Auditor@Bulandshahr2026!
Lok Sabha,Member of Parliament (Lok Sabha),BULANDSHAHR(SC),BULANDSHAHR(SC),Uttar Pradesh,Bhola Singh,Member of Parliament,mp_bulandshahr,MP@Bulandshahr2026!
Lok Sabha,District Authority Auditor,BULDHANA,BULDHANA,Maharashtra,Prataprao Jadhav,District Authority Auditor,auditor_buldhana,Auditor@Buldhana2026!
Lok Sabha,Member of Parliament (Lok Sabha),BULDHANA,BULDHANA,Maharashtra,Prataprao Jadhav,Member of Parliament,mp_buldhana,MP@Buldhana2026!
Lok Sabha,District Authority Auditor,BUXAR,BUXAR,Bihar,SUDHAKAR SINGH,District Authority Auditor,auditor_buxar,Auditor@Buxar2026!
Lok Sabha,Member of Parliament (Lok Sabha),BUXAR,BUXAR,Bihar,SUDHAKAR SINGH,Member of Parliament,mp_buxar,MP@Buxar2026!
Lok Sabha,District Authority Auditor,CHALAKUDY,CHALAKUDY,Kerala,Shri Benny Behanan,District Authority Auditor,auditor_chalakudy,Auditor@Chalakudy2026!
Lok Sabha,Member of Parliament (Lok Sabha),CHALAKUDY,CHALAKUDY,Kerala,Shri Benny Behanan,Member of Parliament,mp_chalakudy,MP@Chalakudy2026!
Lok Sabha,District Authority Auditor,CHAMARAJANAGAR(SC),CHAMARAJANAGAR(SC),Karnataka,SUNIL BOSE,District Authority Auditor,auditor_chamarajanagar,Auditor@Chamarajanag2026!
Lok Sabha,Member of Parliament (Lok Sabha),CHAMARAJANAGAR(SC),CHAMARAJANAGAR(SC),Karnataka,SUNIL BOSE,Member of Parliament,mp_chamarajanagar,MP@Chamarajanag2026!
Lok Sabha,District Authority Auditor,CHANDAULI,CHANDAULI,Uttar Pradesh,VIRENDRA SINGH,District Authority Auditor,auditor_chandauli,Auditor@Chandauli2026!
Lok Sabha,Member of Parliament (Lok Sabha),CHANDAULI,CHANDAULI,Uttar Pradesh,VIRENDRA SINGH,Member of Parliament,mp_chandauli,MP@Chandauli2026!
Lok Sabha,District Authority Auditor,CHANDIGARH,CHANDIGARH,Chandigarh,MANISH TEWARI,District Authority Auditor,auditor_chandigarh,Auditor@Chandigarh2026!
Lok Sabha,Member of Parliament (Lok Sabha),CHANDIGARH,CHANDIGARH,Chandigarh,MANISH TEWARI,Member of Parliament,mp_chandigarh,MP@Chandigarh2026!
Lok Sabha,District Authority Auditor,CHANDINI CHOWK,CHANDINI CHOWK,Delhi,Praveen Khandelwal,District Authority Auditor,auditor_chandini_chowk,Auditor@ChandiniChow2026!
Lok Sabha,Member of Parliament (Lok Sabha),CHANDINI CHOWK,CHANDINI CHOWK,Delhi,Praveen Khandelwal,Member of Parliament,mp_chandini_chowk,MP@ChandiniChow2026!
Lok Sabha,District Authority Auditor,CHANDRAPUR,CHANDRAPUR,Maharashtra,DHANORKAR PRATIBHA SURESH ALIAS BALUBHAU,District Authority Auditor,auditor_chandrapur,Auditor@Chandrapur2026!
Lok Sabha,Member of Parliament (Lok Sabha),CHANDRAPUR,CHANDRAPUR,Maharashtra,DHANORKAR PRATIBHA SURESH ALIAS BALUBHAU,Member of Parliament,mp_chandrapur,MP@Chandrapur2026!
Lok Sabha,District Authority Auditor,CHATRA,CHATRA,Jharkhand,KALI CHARAN SINGH,District Authority Auditor,auditor_chatra,Auditor@Chatra2026!
Lok Sabha,Member of Parliament (Lok Sabha),CHATRA,CHATRA,Jharkhand,KALI CHARAN SINGH,Member of Parliament,mp_chatra,MP@Chatra2026!
Lok Sabha,District Authority Auditor,CHELVELLA,CHELVELLA,Telangana,KONDA VISHWESHWAR REDDY,District Authority Auditor,auditor_chelvella,Auditor@Chelvella2026!
Lok Sabha,Member of Parliament (Lok Sabha),CHELVELLA,CHELVELLA,Telangana,KONDA VISHWESHWAR REDDY,Member of Parliament,mp_chelvella,MP@Chelvella2026!
Lok Sabha,District Authority Auditor,CHENNAI CENTRAL,CHENNAI CENTRAL,Tamil Nadu,Thiru Dayanidhi Maran,District Authority Auditor,auditor_chennai_central,Auditor@ChennaiCentr2026!
Lok Sabha,Member of Parliament (Lok Sabha),CHENNAI CENTRAL,CHENNAI CENTRAL,Tamil Nadu,Thiru Dayanidhi Maran,Member of Parliament,mp_chennai_central,MP@ChennaiCentr2026!
Lok Sabha,District Authority Auditor,CHENNAI NORTH,CHENNAI NORTH,Tamil Nadu,Kalanidhi Veeraswamy,District Authority Auditor,auditor_chennai_north,Auditor@ChennaiNorth2026!
Lok Sabha,Member of Parliament (Lok Sabha),CHENNAI NORTH,CHENNAI NORTH,Tamil Nadu,Kalanidhi Veeraswamy,Member of Parliament,mp_chennai_north,MP@ChennaiNorth2026!
Lok Sabha,District Authority Auditor,CHENNAI SOUTH,CHENNAI SOUTH,Tamil Nadu,T Sumathy (A) Thamizhachi Thangapandian,District Authority Auditor,auditor_chennai_south,Auditor@ChennaiSouth2026!
Lok Sabha,Member of Parliament (Lok Sabha),CHENNAI SOUTH,CHENNAI SOUTH,Tamil Nadu,T Sumathy (A) Thamizhachi Thangapandian,Member of Parliament,mp_chennai_south,MP@ChennaiSouth2026!
Lok Sabha,District Authority Auditor,CHHINDWARA,CHHINDWARA,Madhya Pradesh,BUNTY VIVEK SAHU,District Authority Auditor,auditor_chhindwara,Auditor@Chhindwara2026!
Lok Sabha,Member of Parliament (Lok Sabha),CHHINDWARA,CHHINDWARA,Madhya Pradesh,BUNTY VIVEK SAHU,Member of Parliament,mp_chhindwara,MP@Chhindwara2026!
Lok Sabha,District Authority Auditor,CHHOTA UDAIPUR(ST),CHHOTA UDAIPUR(ST),Gujarat,JASHUBHAI BHILUBHAI RATHVA,District Authority Auditor,auditor_chhota_udaipur,Auditor@ChhotaUdaipu2026!
Lok Sabha,Member of Parliament (Lok Sabha),CHHOTA UDAIPUR(ST),CHHOTA UDAIPUR(ST),Gujarat,JASHUBHAI BHILUBHAI RATHVA,Member of Parliament,mp_chhota_udaipur,MP@ChhotaUdaipu2026!
Lok Sabha,District Authority Auditor,CHIDAMBARAM(SC),CHIDAMBARAM(SC),Tamil Nadu,Thirumaa Valavan Thol,District Authority Auditor,auditor_chidambaram,Auditor@Chidambaram2026!
Lok Sabha,Member of Parliament (Lok Sabha),CHIDAMBARAM(SC),CHIDAMBARAM(SC),Tamil Nadu,Thirumaa Valavan Thol,Member of Parliament,mp_chidambaram,MP@Chidambaram2026!
Lok Sabha,District Authority Auditor,CHIKBALLAPUR,CHIKBALLAPUR,Karnataka,DR.K.SUDHAKAR,District Authority Auditor,auditor_chikballapur,Auditor@Chikballapur2026!
Lok Sabha,Member of Parliament (Lok Sabha),CHIKBALLAPUR,CHIKBALLAPUR,Karnataka,DR.K.SUDHAKAR,Member of Parliament,mp_chikballapur,MP@Chikballapur2026!
Lok Sabha,District Authority Auditor,CHIKKODI,CHIKKODI,Karnataka,PRIYANKA SATISH JARKIHOLI,District Authority Auditor,auditor_chikkodi,Auditor@Chikkodi2026!
Lok Sabha,Member of Parliament (Lok Sabha),CHIKKODI,CHIKKODI,Karnataka,PRIYANKA SATISH JARKIHOLI,Member of Parliament,mp_chikkodi,MP@Chikkodi2026!
Lok Sabha,District Authority Auditor,CHITRADURGA(SC),CHITRADURGA(SC),Karnataka,GOVIND MAKTHAPPA KARJOL,District Authority Auditor,auditor_chitradurga,Auditor@Chitradurga2026!
Lok Sabha,Member of Parliament (Lok Sabha),CHITRADURGA(SC),CHITRADURGA(SC),Karnataka,GOVIND MAKTHAPPA KARJOL,Member of Parliament,mp_chitradurga,MP@Chitradurga2026!
Lok Sabha,District Authority Auditor,CHITTOOR,CHITTOOR,Andhra Pradesh,DAGGUMALLA PRASADA RAO,District Authority Auditor,auditor_chittoor,Auditor@Chittoor2026!
Lok Sabha,Member of Parliament (Lok Sabha),CHITTOOR,CHITTOOR,Andhra Pradesh,DAGGUMALLA PRASADA RAO,Member of Parliament,mp_chittoor,MP@Chittoor2026!
Lok Sabha,District Authority Auditor,CHITTORGARH,CHITTORGARH,Rajasthan,Chandra Prakash Joshi,District Authority Auditor,auditor_chittorgarh,Auditor@Chittorgarh2026!
Lok Sabha,Member of Parliament (Lok Sabha),CHITTORGARH,CHITTORGARH,Rajasthan,Chandra Prakash Joshi,Member of Parliament,mp_chittorgarh,MP@Chittorgarh2026!
Lok Sabha,District Authority Auditor,CHURU,CHURU,Rajasthan,Rahul Kaswan,District Authority Auditor,auditor_churu,Auditor@Churu2026!
Lok Sabha,Member of Parliament (Lok Sabha),CHURU,CHURU,Rajasthan,Rahul Kaswan,Member of Parliament,mp_churu,MP@Churu2026!
Lok Sabha,District Authority Auditor,COIMBATORE,COIMBATORE,Tamil Nadu,GANAPATHY RAJKUMAR P,District Authority Auditor,auditor_coimbatore,Auditor@Coimbatore2026!
Lok Sabha,Member of Parliament (Lok Sabha),COIMBATORE,COIMBATORE,Tamil Nadu,GANAPATHY RAJKUMAR P,Member of Parliament,mp_coimbatore,MP@Coimbatore2026!
Lok Sabha,District Authority Auditor,COOCHBEHAR(SC),COOCHBEHAR(SC),West Bengal,JAGADISH CHANDRA BARMA BASUNIA,District Authority Auditor,auditor_coochbehar,Auditor@Coochbehar2026!
Lok Sabha,Member of Parliament (Lok Sabha),COOCHBEHAR(SC),COOCHBEHAR(SC),West Bengal,JAGADISH CHANDRA BARMA BASUNIA,Member of Parliament,mp_coochbehar,MP@Coochbehar2026!
Lok Sabha,District Authority Auditor,CUDDALORE,CUDDALORE,Tamil Nadu,M.K. VISHNUPRASAD,District Authority Auditor,auditor_cuddalore,Auditor@Cuddalore2026!
Lok Sabha,Member of Parliament (Lok Sabha),CUDDALORE,CUDDALORE,Tamil Nadu,M.K. VISHNUPRASAD,Member of Parliament,mp_cuddalore,MP@Cuddalore2026!
Lok Sabha,District Authority Auditor,CUTTACK,CUTTACK,Odisha,Shri Bhartruhari Mahtab,District Authority Auditor,auditor_cuttack,Auditor@Cuttack2026!
Lok Sabha,Member of Parliament (Lok Sabha),CUTTACK,CUTTACK,Odisha,Shri Bhartruhari Mahtab,Member of Parliament,mp_cuttack,MP@Cuttack2026!
Lok Sabha,District Authority Auditor,DADRA & NAGAR HAVELI (ST),DADRA & NAGAR HAVELI (ST),The Dadra And Nagar Haveli And Daman And Diu,Kalaben Mohanbhai Delkar,District Authority Auditor,auditor_dadra_nagar_haveli,Auditor@DadraNagarHa2026!
Lok Sabha,Member of Parliament (Lok Sabha),DADRA & NAGAR HAVELI (ST),DADRA & NAGAR HAVELI (ST),The Dadra And Nagar Haveli And Daman And Diu,Kalaben Mohanbhai Delkar,Member of Parliament,mp_dadra_nagar_haveli,MP@DadraNagarHa2026!
Lok Sabha,District Authority Auditor,DAHOD(ST),DAHOD(ST),Gujarat,Jaswantsinh Sumanbhai Bhabhor,District Authority Auditor,auditor_dahod,Auditor@Dahod2026!
Lok Sabha,Member of Parliament (Lok Sabha),DAHOD(ST),DAHOD(ST),Gujarat,Jaswantsinh Sumanbhai Bhabhor,Member of Parliament,mp_dahod,MP@Dahod2026!
Lok Sabha,District Authority Auditor,DAKSHINA KANNADA,DAKSHINA KANNADA,Karnataka,CAPTAIN BRIJESH CHOWTA,District Authority Auditor,auditor_dakshina_kannada,Auditor@DakshinaKann2026!
Lok Sabha,Member of Parliament (Lok Sabha),DAKSHINA KANNADA,DAKSHINA KANNADA,Karnataka,CAPTAIN BRIJESH CHOWTA,Member of Parliament,mp_dakshina_kannada,MP@DakshinaKann2026!
Lok Sabha,District Authority Auditor,DAMAN and DIU,DAMAN and DIU,The Dadra And Nagar Haveli And Daman And Diu,PATEL UMESHBHAI BABUBHAI,District Authority Auditor,auditor_daman_and_diu,Auditor@DamanAndDiu2026!
Lok Sabha,Member of Parliament (Lok Sabha),DAMAN and DIU,DAMAN and DIU,The Dadra And Nagar Haveli And Daman And Diu,PATEL UMESHBHAI BABUBHAI,Member of Parliament,mp_daman_and_diu,MP@DamanAndDiu2026!
Lok Sabha,District Authority Auditor,DAMOH,DAMOH,Madhya Pradesh,RAHUL SINGH LODHI,District Authority Auditor,auditor_damoh,Auditor@Damoh2026!
Lok Sabha,Member of Parliament (Lok Sabha),DAMOH,DAMOH,Madhya Pradesh,RAHUL SINGH LODHI,Member of Parliament,mp_damoh,MP@Damoh2026!
Lok Sabha,District Authority Auditor,DARBHANGA,DARBHANGA,Bihar,Mr Gopal Jee Thakur,District Authority Auditor,auditor_darbhanga,Auditor@Darbhanga2026!
Lok Sabha,Member of Parliament (Lok Sabha),DARBHANGA,DARBHANGA,Bihar,Mr Gopal Jee Thakur,Member of Parliament,mp_darbhanga,MP@Darbhanga2026!
Lok Sabha,District Authority Auditor,DARJEELING,DARJEELING,West Bengal,Raju Bista,District Authority Auditor,auditor_darjeeling,Auditor@Darjeeling2026!
Lok Sabha,Member of Parliament (Lok Sabha),DARJEELING,DARJEELING,West Bengal,Raju Bista,Member of Parliament,mp_darjeeling,MP@Darjeeling2026!
Lok Sabha,District Authority Auditor,DAUSA(ST),DAUSA(ST),Rajasthan,MURARI LAL MEENA,District Authority Auditor,auditor_dausa,Auditor@Dausa2026!
Lok Sabha,Member of Parliament (Lok Sabha),DAUSA(ST),DAUSA(ST),Rajasthan,MURARI LAL MEENA,Member of Parliament,mp_dausa,MP@Dausa2026!
Lok Sabha,District Authority Auditor,DAVANAGERE,DAVANAGERE,Karnataka,DR. PRABHA MALLIKARJUN,District Authority Auditor,auditor_davanagere,Auditor@Davanagere2026!
Lok Sabha,Member of Parliament (Lok Sabha),DAVANAGERE,DAVANAGERE,Karnataka,DR. PRABHA MALLIKARJUN,Member of Parliament,mp_davanagere,MP@Davanagere2026!
Lok Sabha,District Authority Auditor,DEORIA,DEORIA,Uttar Pradesh,SHASHANK MANI,District Authority Auditor,auditor_deoria,Auditor@Deoria2026!
Lok Sabha,Member of Parliament (Lok Sabha),DEORIA,DEORIA,Uttar Pradesh,SHASHANK MANI,Member of Parliament,mp_deoria,MP@Deoria2026!
Lok Sabha,District Authority Auditor,DEWAS(SC),DEWAS(SC),Madhya Pradesh,Mahendra Singh Solanky,District Authority Auditor,auditor_dewas,Auditor@Dewas2026!
Lok Sabha,Member of Parliament (Lok Sabha),DEWAS(SC),DEWAS(SC),Madhya Pradesh,Mahendra Singh Solanky,Member of Parliament,mp_dewas,MP@Dewas2026!
Lok Sabha,District Authority Auditor,DHANBAD,DHANBAD,Jharkhand,DULU MAHATO,District Authority Auditor,auditor_dhanbad,Auditor@Dhanbad2026!
Lok Sabha,Member of Parliament (Lok Sabha),DHANBAD,DHANBAD,Jharkhand,DULU MAHATO,Member of Parliament,mp_dhanbad,MP@Dhanbad2026!
Lok Sabha,District Authority Auditor,DHAR(ST),DHAR(ST),Madhya Pradesh,SAVITRI THAKUR,District Authority Auditor,auditor_dhar,Auditor@Dhar2026!
Lok Sabha,Member of Parliament (Lok Sabha),DHAR(ST),DHAR(ST),Madhya Pradesh,SAVITRI THAKUR,Member of Parliament,mp_dhar,MP@Dhar2026!
Lok Sabha,District Authority Auditor,DHARAMAPURI,DHARAMAPURI,Tamil Nadu,MANI. A.,District Authority Auditor,auditor_dharamapuri,Auditor@Dharamapuri2026!
Lok Sabha,Member of Parliament (Lok Sabha),DHARAMAPURI,DHARAMAPURI,Tamil Nadu,MANI. A.,Member of Parliament,mp_dharamapuri,MP@Dharamapuri2026!
Lok Sabha,District Authority Auditor,DHARWAD,DHARWAD,Karnataka,Pralhad Venkatesh Joshi,District Authority Auditor,auditor_dharwad,Auditor@Dharwad2026!
Lok Sabha,Member of Parliament (Lok Sabha),DHARWAD,DHARWAD,Karnataka,Pralhad Venkatesh Joshi,Member of Parliament,mp_dharwad,MP@Dharwad2026!
Lok Sabha,District Authority Auditor,DHAURAHRA,DHAURAHRA,Uttar Pradesh,ANAND BHADAURIYA,District Authority Auditor,auditor_dhaurahra,Auditor@Dhaurahra2026!
Lok Sabha,Member of Parliament (Lok Sabha),DHAURAHRA,DHAURAHRA,Uttar Pradesh,ANAND BHADAURIYA,Member of Parliament,mp_dhaurahra,MP@Dhaurahra2026!
Lok Sabha,District Authority Auditor,DHENKANAL,DHENKANAL,Odisha,RUDRA NARAYAN PANY,District Authority Auditor,auditor_dhenkanal,Auditor@Dhenkanal2026!
Lok Sabha,Member of Parliament (Lok Sabha),DHENKANAL,DHENKANAL,Odisha,RUDRA NARAYAN PANY,Member of Parliament,mp_dhenkanal,MP@Dhenkanal2026!
Lok Sabha,District Authority Auditor,DHUBRI,DHUBRI,Assam,RAKIBUL HUSSAIN,District Authority Auditor,auditor_dhubri,Auditor@Dhubri2026!
Lok Sabha,Member of Parliament (Lok Sabha),DHUBRI,DHUBRI,Assam,RAKIBUL HUSSAIN,Member of Parliament,mp_dhubri,MP@Dhubri2026!
Lok Sabha,District Authority Auditor,DHULE,DHULE,Maharashtra,BACHHAV SHOBHA DINESH,District Authority Auditor,auditor_dhule,Auditor@Dhule2026!
Lok Sabha,Member of Parliament (Lok Sabha),DHULE,DHULE,Maharashtra,BACHHAV SHOBHA DINESH,Member of Parliament,mp_dhule,MP@Dhule2026!
Lok Sabha,District Authority Auditor,DIAMOND HARBOUR,DIAMOND HARBOUR,West Bengal,Shri Abhishek Banerjee,District Authority Auditor,auditor_diamond_harbour,Auditor@DiamondHarbo2026!
Lok Sabha,Member of Parliament (Lok Sabha),DIAMOND HARBOUR,DIAMOND HARBOUR,West Bengal,Shri Abhishek Banerjee,Member of Parliament,mp_diamond_harbour,MP@DiamondHarbo2026!
Lok Sabha,District Authority Auditor,DIBRUGARH,DIBRUGARH,Assam,Shri Sarbananda Sonowal (18LS),District Authority Auditor,auditor_dibrugarh,Auditor@Dibrugarh2026!
Lok Sabha,Member of Parliament (Lok Sabha),DIBRUGARH,DIBRUGARH,Assam,Shri Sarbananda Sonowal (18LS),Member of Parliament,mp_dibrugarh,MP@Dibrugarh2026!
Lok Sabha,District Authority Auditor,DINDIGUL,DINDIGUL,Tamil Nadu,SACHITHANANTHAM R,District Authority Auditor,auditor_dindigul,Auditor@Dindigul2026!
Lok Sabha,Member of Parliament (Lok Sabha),DINDIGUL,DINDIGUL,Tamil Nadu,SACHITHANANTHAM R,Member of Parliament,mp_dindigul,MP@Dindigul2026!
Lok Sabha,District Authority Auditor,DINDORI(ST),DINDORI(ST),Maharashtra,BHASKAR MURLIDHAR BHAGARE,District Authority Auditor,auditor_dindori,Auditor@Dindori2026!
Lok Sabha,Member of Parliament (Lok Sabha),DINDORI(ST),DINDORI(ST),Maharashtra,BHASKAR MURLIDHAR BHAGARE,Member of Parliament,mp_dindori,MP@Dindori2026!
Lok Sabha,District Authority Auditor,DOMARIYAGANJ,DOMARIYAGANJ,Uttar Pradesh,Jagdambika Pal,District Authority Auditor,auditor_domariyaganj,Auditor@Domariyaganj2026!
Lok Sabha,Member of Parliament (Lok Sabha),DOMARIYAGANJ,DOMARIYAGANJ,Uttar Pradesh,Jagdambika Pal,Member of Parliament,mp_domariyaganj,MP@Domariyaganj2026!
Lok Sabha,District Authority Auditor,DUM DUM,DUM DUM,West Bengal,Prof Sougata Ray,District Authority Auditor,auditor_dum_dum,Auditor@DumDum2026!
Lok Sabha,Member of Parliament (Lok Sabha),DUM DUM,DUM DUM,West Bengal,Prof Sougata Ray,Member of Parliament,mp_dum_dum,MP@DumDum2026!
Lok Sabha,District Authority Auditor,DUMKA(ST),DUMKA(ST),Jharkhand,NALIN SOREN,District Authority Auditor,auditor_dumka,Auditor@Dumka2026!
Lok Sabha,Member of Parliament (Lok Sabha),DUMKA(ST),DUMKA(ST),Jharkhand,NALIN SOREN,Member of Parliament,mp_dumka,MP@Dumka2026!
Lok Sabha,District Authority Auditor,DURG,DURG,Chhattisgarh,Vijay Baghel,District Authority Auditor,auditor_durg,Auditor@Durg2026!
Lok Sabha,Member of Parliament (Lok Sabha),DURG,DURG,Chhattisgarh,Vijay Baghel,Member of Parliament,mp_durg,MP@Durg2026!
Lok Sabha,District Authority Auditor,Darrang-Udalguri,Darrang-Udalguri,Assam,Dilip Saikia,District Authority Auditor,auditor_darrang_udalguri,Auditor@DarrangUdalg2026!
Lok Sabha,Member of Parliament (Lok Sabha),Darrang-Udalguri,Darrang-Udalguri,Assam,Dilip Saikia,Member of Parliament,mp_darrang_udalguri,MP@DarrangUdalg2026!
Lok Sabha,District Authority Auditor,Diphu (ST),Diphu (ST),Assam,AMARSING TISSO,District Authority Auditor,auditor_diphu,Auditor@Diphu2026!
Lok Sabha,Member of Parliament (Lok Sabha),Diphu (ST),Diphu (ST),Assam,AMARSING TISSO,Member of Parliament,mp_diphu,MP@Diphu2026!
Lok Sabha,District Authority Auditor,EAST DELHI,EAST DELHI,Delhi,Harsh Malhotra,District Authority Auditor,auditor_east_delhi,Auditor@EastDelhi2026!
Lok Sabha,Member of Parliament (Lok Sabha),EAST DELHI,EAST DELHI,Delhi,Harsh Malhotra,Member of Parliament,mp_east_delhi,MP@EastDelhi2026!
Lok Sabha,District Authority Auditor,ELURU,ELURU,Andhra Pradesh,Putta Mahesh Kumar,District Authority Auditor,auditor_eluru,Auditor@Eluru2026!
Lok Sabha,Member of Parliament (Lok Sabha),ELURU,ELURU,Andhra Pradesh,Putta Mahesh Kumar,Member of Parliament,mp_eluru,MP@Eluru2026!
Lok Sabha,District Authority Auditor,ERNAKULAM,ERNAKULAM,Kerala,Shri Hibi Eden,District Authority Auditor,auditor_ernakulam,Auditor@Ernakulam2026!
Lok Sabha,Member of Parliament (Lok Sabha),ERNAKULAM,ERNAKULAM,Kerala,Shri Hibi Eden,Member of Parliament,mp_ernakulam,MP@Ernakulam2026!
Lok Sabha,District Authority Auditor,ERODE,ERODE,Tamil Nadu,K E PRAKASH,District Authority Auditor,auditor_erode,Auditor@Erode2026!
Lok Sabha,Member of Parliament (Lok Sabha),ERODE,ERODE,Tamil Nadu,K E PRAKASH,Member of Parliament,mp_erode,MP@Erode2026!
Lok Sabha,District Authority Auditor,ETAH,ETAH,Uttar Pradesh,DEVESH SHAKYA,District Authority Auditor,auditor_etah,Auditor@Etah2026!
Lok Sabha,Member of Parliament (Lok Sabha),ETAH,ETAH,Uttar Pradesh,DEVESH SHAKYA,Member of Parliament,mp_etah,MP@Etah2026!
Lok Sabha,District Authority Auditor,ETAWAH(SC),ETAWAH(SC),Uttar Pradesh,JITENDRA KUMAR DOHARE,District Authority Auditor,auditor_etawah,Auditor@Etawah2026!
Lok Sabha,Member of Parliament (Lok Sabha),ETAWAH(SC),ETAWAH(SC),Uttar Pradesh,JITENDRA KUMAR DOHARE,Member of Parliament,mp_etawah,MP@Etawah2026!
Lok Sabha,District Authority Auditor,FAIZABAD,FAIZABAD,Uttar Pradesh,AWADHESH PRASAD,District Authority Auditor,auditor_faizabad,Auditor@Faizabad2026!
Lok Sabha,Member of Parliament (Lok Sabha),FAIZABAD,FAIZABAD,Uttar Pradesh,AWADHESH PRASAD,Member of Parliament,mp_faizabad,MP@Faizabad2026!
Lok Sabha,District Authority Auditor,FARIDABAD,FARIDABAD,Haryana,Krishan Pal Gurjar,District Authority Auditor,auditor_faridabad,Auditor@Faridabad2026!
Lok Sabha,Member of Parliament (Lok Sabha),FARIDABAD,FARIDABAD,Haryana,Krishan Pal Gurjar,Member of Parliament,mp_faridabad,MP@Faridabad2026!
Lok Sabha,District Authority Auditor,FARIDKOT(SC),FARIDKOT(SC),Punjab,SARABJEET SINGH KHALSA,District Authority Auditor,auditor_faridkot,Auditor@Faridkot2026!
Lok Sabha,Member of Parliament (Lok Sabha),FARIDKOT(SC),FARIDKOT(SC),Punjab,SARABJEET SINGH KHALSA,Member of Parliament,mp_faridkot,MP@Faridkot2026!
Lok Sabha,District Authority Auditor,FARRUKHABAD,FARRUKHABAD,Uttar Pradesh,Mukesh Rajput,District Authority Auditor,auditor_farrukhabad,Auditor@Farrukhabad2026!
Lok Sabha,Member of Parliament (Lok Sabha),FARRUKHABAD,FARRUKHABAD,Uttar Pradesh,Mukesh Rajput,Member of Parliament,mp_farrukhabad,MP@Farrukhabad2026!
Lok Sabha,District Authority Auditor,FATEHGARH SAHIB(SC),FATEHGARH SAHIB(SC),Punjab,Shri Amar Singh,District Authority Auditor,auditor_fatehgarh_sahib,Auditor@FatehgarhSah2026!
Lok Sabha,Member of Parliament (Lok Sabha),FATEHGARH SAHIB(SC),FATEHGARH SAHIB(SC),Punjab,Shri Amar Singh,Member of Parliament,mp_fatehgarh_sahib,MP@FatehgarhSah2026!
Lok Sabha,District Authority Auditor,FATEHPUR,FATEHPUR,Uttar Pradesh,NARESH CHANDRA UTTAM PATEL,District Authority Auditor,auditor_fatehpur,Auditor@Fatehpur2026!
Lok Sabha,Member of Parliament (Lok Sabha),FATEHPUR,FATEHPUR,Uttar Pradesh,NARESH CHANDRA UTTAM PATEL,Member of Parliament,mp_fatehpur,MP@Fatehpur2026!
Lok Sabha,District Authority Auditor,FATEHPUR SIKRI,FATEHPUR SIKRI,Uttar Pradesh,Rajkumar Chahar,District Authority Auditor,auditor_fatehpur_sikri,Auditor@FatehpurSikr2026!
Lok Sabha,Member of Parliament (Lok Sabha),FATEHPUR SIKRI,FATEHPUR SIKRI,Uttar Pradesh,Rajkumar Chahar,Member of Parliament,mp_fatehpur_sikri,MP@FatehpurSikr2026!
Lok Sabha,District Authority Auditor,FIROZABAD,FIROZABAD,Uttar Pradesh,AKSHAYA YADAV,District Authority Auditor,auditor_firozabad,Auditor@Firozabad2026!
Lok Sabha,Member of Parliament (Lok Sabha),FIROZABAD,FIROZABAD,Uttar Pradesh,AKSHAYA YADAV,Member of Parliament,mp_firozabad,MP@Firozabad2026!
Lok Sabha,District Authority Auditor,FIROZPUR,FIROZPUR,Punjab,SHER SINGH GHUBAYA,District Authority Auditor,auditor_firozpur,Auditor@Firozpur2026!
Lok Sabha,Member of Parliament (Lok Sabha),FIROZPUR,FIROZPUR,Punjab,SHER SINGH GHUBAYA,Member of Parliament,mp_firozpur,MP@Firozpur2026!
Lok Sabha,District Authority Auditor,GADCHIROLI-CHIMUR(ST),GADCHIROLI-CHIMUR(ST),Maharashtra,DR. KIRSAN NAMDEO,District Authority Auditor,auditor_gadchiroli_chimur,Auditor@GadchiroliCh2026!
Lok Sabha,Member of Parliament (Lok Sabha),GADCHIROLI-CHIMUR(ST),GADCHIROLI-CHIMUR(ST),Maharashtra,DR. KIRSAN NAMDEO,Member of Parliament,mp_gadchiroli_chimur,MP@GadchiroliCh2026!
Lok Sabha,District Authority Auditor,GANDHINAGAR,GANDHINAGAR,Gujarat,Shri Amit Shah,District Authority Auditor,auditor_gandhinagar,Auditor@Gandhinagar2026!
Lok Sabha,Member of Parliament (Lok Sabha),GANDHINAGAR,GANDHINAGAR,Gujarat,Shri Amit Shah,Member of Parliament,mp_gandhinagar,MP@Gandhinagar2026!
Lok Sabha,District Authority Auditor,GANGANAGAR(SC),GANGANAGAR(SC),Rajasthan,KULDEEP INDORA,District Authority Auditor,auditor_ganganagar,Auditor@Ganganagar2026!
Lok Sabha,Member of Parliament (Lok Sabha),GANGANAGAR(SC),GANGANAGAR(SC),Rajasthan,KULDEEP INDORA,Member of Parliament,mp_ganganagar,MP@Ganganagar2026!
Lok Sabha,District Authority Auditor,GARHWAL,GARHWAL,Uttarakhand,ANIL BALUNI,District Authority Auditor,auditor_garhwal,Auditor@Garhwal2026!
Lok Sabha,Member of Parliament (Lok Sabha),GARHWAL,GARHWAL,Uttarakhand,ANIL BALUNI,Member of Parliament,mp_garhwal,MP@Garhwal2026!
Lok Sabha,District Authority Auditor,GAUTAM BUDDHA NAGAR,GAUTAM BUDDHA NAGAR,Uttar Pradesh,Mahesh Sharma,District Authority Auditor,auditor_gautam_buddha_nagar,Auditor@GautamBuddha2026!
Lok Sabha,Member of Parliament (Lok Sabha),GAUTAM BUDDHA NAGAR,GAUTAM BUDDHA NAGAR,Uttar Pradesh,Mahesh Sharma,Member of Parliament,mp_gautam_buddha_nagar,MP@GautamBuddha2026!
Lok Sabha,District Authority Auditor,GAYA (SC),GAYA (SC),Bihar,JITAN RAM MANJHI,District Authority Auditor,auditor_gaya,Auditor@Gaya2026!
Lok Sabha,Member of Parliament (Lok Sabha),GAYA (SC),GAYA (SC),Bihar,JITAN RAM MANJHI,Member of Parliament,mp_gaya,MP@Gaya2026!
Lok Sabha,District Authority Auditor,GHATAL,GHATAL,West Bengal,Shri Deepak (Dev) Adhikari,District Authority Auditor,auditor_ghatal,Auditor@Ghatal2026!
Lok Sabha,Member of Parliament (Lok Sabha),GHATAL,GHATAL,West Bengal,Shri Deepak (Dev) Adhikari,Member of Parliament,mp_ghatal,MP@Ghatal2026!
Lok Sabha,District Authority Auditor,GHAZIABAD,GHAZIABAD,Uttar Pradesh,ATUL GARG,District Authority Auditor,auditor_ghaziabad,Auditor@Ghaziabad2026!
Lok Sabha,Member of Parliament (Lok Sabha),GHAZIABAD,GHAZIABAD,Uttar Pradesh,ATUL GARG,Member of Parliament,mp_ghaziabad,MP@Ghaziabad2026!
Lok Sabha,District Authority Auditor,GHAZIPUR,GHAZIPUR,Uttar Pradesh,AFZAL ANSARI,District Authority Auditor,auditor_ghazipur,Auditor@Ghazipur2026!
Lok Sabha,Member of Parliament (Lok Sabha),GHAZIPUR,GHAZIPUR,Uttar Pradesh,AFZAL ANSARI,Member of Parliament,mp_ghazipur,MP@Ghazipur2026!
Lok Sabha,District Authority Auditor,GHOSI,GHOSI,Uttar Pradesh,RAJEEV RAI,District Authority Auditor,auditor_ghosi,Auditor@Ghosi2026!
Lok Sabha,Member of Parliament (Lok Sabha),GHOSI,GHOSI,Uttar Pradesh,RAJEEV RAI,Member of Parliament,mp_ghosi,MP@Ghosi2026!
Lok Sabha,District Authority Auditor,GIRIDIH,GIRIDIH,Jharkhand,Shri Chandra Prakash Choudhary,District Authority Auditor,auditor_giridih,Auditor@Giridih2026!
Lok Sabha,Member of Parliament (Lok Sabha),GIRIDIH,GIRIDIH,Jharkhand,Shri Chandra Prakash Choudhary,Member of Parliament,mp_giridih,MP@Giridih2026!
Lok Sabha,District Authority Auditor,GODDA,GODDA,Jharkhand,Nishikant Dubey,District Authority Auditor,auditor_godda,Auditor@Godda2026!
Lok Sabha,Member of Parliament (Lok Sabha),GODDA,GODDA,Jharkhand,Nishikant Dubey,Member of Parliament,mp_godda,MP@Godda2026!
Lok Sabha,District Authority Auditor,GONDA,GONDA,Uttar Pradesh,Kirti Vardhan Singh,District Authority Auditor,auditor_gonda,Auditor@Gonda2026!
Lok Sabha,Member of Parliament (Lok Sabha),GONDA,GONDA,Uttar Pradesh,Kirti Vardhan Singh,Member of Parliament,mp_gonda,MP@Gonda2026!
Lok Sabha,District Authority Auditor,GOPALGANJ (SC),GOPALGANJ (SC),Bihar,Alok Kumar Suman,District Authority Auditor,auditor_gopalganj,Auditor@Gopalganj2026!
Lok Sabha,Member of Parliament (Lok Sabha),GOPALGANJ (SC),GOPALGANJ (SC),Bihar,Alok Kumar Suman,Member of Parliament,mp_gopalganj,MP@Gopalganj2026!
Lok Sabha,District Authority Auditor,GORAKHPUR,GORAKHPUR,Uttar Pradesh,Ravindra Shyamnarayan Alias Ravi Kishan Shukla,District Authority Auditor,auditor_gorakhpur,Auditor@Gorakhpur2026!
Lok Sabha,Member of Parliament (Lok Sabha),GORAKHPUR,GORAKHPUR,Uttar Pradesh,Ravindra Shyamnarayan Alias Ravi Kishan Shukla,Member of Parliament,mp_gorakhpur,MP@Gorakhpur2026!
Lok Sabha,District Authority Auditor,GULBARGA(SC),GULBARGA(SC),Karnataka,RADHAKRISHNA,District Authority Auditor,auditor_gulbarga,Auditor@Gulbarga2026!
Lok Sabha,Member of Parliament (Lok Sabha),GULBARGA(SC),GULBARGA(SC),Karnataka,RADHAKRISHNA,Member of Parliament,mp_gulbarga,MP@Gulbarga2026!
Lok Sabha,District Authority Auditor,GUNA,GUNA,Madhya Pradesh,JYOTIRADITYA M. SCINDIA,District Authority Auditor,auditor_guna,Auditor@Guna2026!
Lok Sabha,Member of Parliament (Lok Sabha),GUNA,GUNA,Madhya Pradesh,JYOTIRADITYA M. SCINDIA,Member of Parliament,mp_guna,MP@Guna2026!
Lok Sabha,District Authority Auditor,GUNTUR,GUNTUR,Andhra Pradesh,Dr Chandra Sekhar Pemmasani,District Authority Auditor,auditor_guntur,Auditor@Guntur2026!
Lok Sabha,Member of Parliament (Lok Sabha),GUNTUR,GUNTUR,Andhra Pradesh,Dr Chandra Sekhar Pemmasani,Member of Parliament,mp_guntur,MP@Guntur2026!
Lok Sabha,District Authority Auditor,GURDASPUR,GURDASPUR,Punjab,SUKHJINDER SINGH RANDHAWA,District Authority Auditor,auditor_gurdaspur,Auditor@Gurdaspur2026!
Lok Sabha,Member of Parliament (Lok Sabha),GURDASPUR,GURDASPUR,Punjab,SUKHJINDER SINGH RANDHAWA,Member of Parliament,mp_gurdaspur,MP@Gurdaspur2026!
Lok Sabha,District Authority Auditor,GURGAON,GURGAON,Haryana,Rao Inderjit Singh,District Authority Auditor,auditor_gurgaon,Auditor@Gurgaon2026!
Lok Sabha,Member of Parliament (Lok Sabha),GURGAON,GURGAON,Haryana,Rao Inderjit Singh,Member of Parliament,mp_gurgaon,MP@Gurgaon2026!
Lok Sabha,District Authority Auditor,GUWAHATI,GUWAHATI,Assam,BIJULI KALITA MEDHI,District Authority Auditor,auditor_guwahati,Auditor@Guwahati2026!
Lok Sabha,Member of Parliament (Lok Sabha),GUWAHATI,GUWAHATI,Assam,BIJULI KALITA MEDHI,Member of Parliament,mp_guwahati,MP@Guwahati2026!
Lok Sabha,District Authority Auditor,GWALIOR,GWALIOR,Madhya Pradesh,BHARAT SINGH KUSHWAH,District Authority Auditor,auditor_gwalior,Auditor@Gwalior2026!
Lok Sabha,Member of Parliament (Lok Sabha),GWALIOR,GWALIOR,Madhya Pradesh,BHARAT SINGH KUSHWAH,Member of Parliament,mp_gwalior,MP@Gwalior2026!
Lok Sabha,District Authority Auditor,HAJIPUR(SC),HAJIPUR(SC),Bihar,CHIRAG PASWAN,District Authority Auditor,auditor_hajipur,Auditor@Hajipur2026!
Lok Sabha,Member of Parliament (Lok Sabha),HAJIPUR(SC),HAJIPUR(SC),Bihar,CHIRAG PASWAN,Member of Parliament,mp_hajipur,MP@Hajipur2026!
Lok Sabha,District Authority Auditor,HAMIRPUR_HP,HAMIRPUR_HP,Himachal Pradesh,Anurag Singh Thakur,District Authority Auditor,auditor_hamirpur_hp,Auditor@HamirpurHp2026!
Lok Sabha,Member of Parliament (Lok Sabha),HAMIRPUR_HP,HAMIRPUR_HP,Himachal Pradesh,Anurag Singh Thakur,Member of Parliament,mp_hamirpur_hp,MP@HamirpurHp2026!
Lok Sabha,District Authority Auditor,HAMIRPUR_UP,HAMIRPUR_UP,Uttar Pradesh,AJENDRA SINGH LODHI,District Authority Auditor,auditor_hamirpur_up,Auditor@HamirpurUp2026!
Lok Sabha,Member of Parliament (Lok Sabha),HAMIRPUR_UP,HAMIRPUR_UP,Uttar Pradesh,AJENDRA SINGH LODHI,Member of Parliament,mp_hamirpur_up,MP@HamirpurUp2026!
Lok Sabha,District Authority Auditor,HARDOI (SC),HARDOI (SC),Uttar Pradesh,Jai Prakash,District Authority Auditor,auditor_hardoi,Auditor@Hardoi2026!
Lok Sabha,Member of Parliament (Lok Sabha),HARDOI (SC),HARDOI (SC),Uttar Pradesh,Jai Prakash,Member of Parliament,mp_hardoi,MP@Hardoi2026!
Lok Sabha,District Authority Auditor,HARDWAR,HARDWAR,Uttarakhand,TRIVENDRA SINGH RAWAT,District Authority Auditor,auditor_hardwar,Auditor@Hardwar2026!
Lok Sabha,Member of Parliament (Lok Sabha),HARDWAR,HARDWAR,Uttarakhand,TRIVENDRA SINGH RAWAT,Member of Parliament,mp_hardwar,MP@Hardwar2026!
Lok Sabha,District Authority Auditor,HASSAN,HASSAN,Karnataka,SHREYAS. M. PATEL,District Authority Auditor,auditor_hassan,Auditor@Hassan2026!
Lok Sabha,Member of Parliament (Lok Sabha),HASSAN,HASSAN,Karnataka,SHREYAS. M. PATEL,Member of Parliament,mp_hassan,MP@Hassan2026!
Lok Sabha,District Authority Auditor,HATHRAS (SC),HATHRAS (SC),Uttar Pradesh,ANOOP PRADHAN BALMIKI,District Authority Auditor,auditor_hathras,Auditor@Hathras2026!
Lok Sabha,Member of Parliament (Lok Sabha),HATHRAS (SC),HATHRAS (SC),Uttar Pradesh,ANOOP PRADHAN BALMIKI,Member of Parliament,mp_hathras,MP@Hathras2026!
Lok Sabha,District Authority Auditor,HATKANANGLE,HATKANANGLE,Maharashtra,Dhairyasheel Sambhajirao Mane,District Authority Auditor,auditor_hatkanangle,Auditor@Hatkanangle2026!
Lok Sabha,Member of Parliament (Lok Sabha),HATKANANGLE,HATKANANGLE,Maharashtra,Dhairyasheel Sambhajirao Mane,Member of Parliament,mp_hatkanangle,MP@Hatkanangle2026!
Lok Sabha,District Authority Auditor,HAVERI,HAVERI,Karnataka,BASAVARAJ BOMMAI,District Authority Auditor,auditor_haveri,Auditor@Haveri2026!
Lok Sabha,Member of Parliament (Lok Sabha),HAVERI,HAVERI,Karnataka,BASAVARAJ BOMMAI,Member of Parliament,mp_haveri,MP@Haveri2026!
Lok Sabha,District Authority Auditor,HAZARIBAGH,HAZARIBAGH,Jharkhand,MANISH JAISWAL,District Authority Auditor,auditor_hazaribagh,Auditor@Hazaribagh2026!
Lok Sabha,Member of Parliament (Lok Sabha),HAZARIBAGH,HAZARIBAGH,Jharkhand,MANISH JAISWAL,Member of Parliament,mp_hazaribagh,MP@Hazaribagh2026!
Lok Sabha,District Authority Auditor,HINDUPUR,HINDUPUR,Andhra Pradesh,B K PARTHASARATHI,District Authority Auditor,auditor_hindupur,Auditor@Hindupur2026!
Lok Sabha,Member of Parliament (Lok Sabha),HINDUPUR,HINDUPUR,Andhra Pradesh,B K PARTHASARATHI,Member of Parliament,mp_hindupur,MP@Hindupur2026!
Lok Sabha,District Authority Auditor,HINGOLI,HINGOLI,Maharashtra,AASHTIKAR PATIL NAGESH BAPURAO,District Authority Auditor,auditor_hingoli,Auditor@Hingoli2026!
Lok Sabha,Member of Parliament (Lok Sabha),HINGOLI,HINGOLI,Maharashtra,AASHTIKAR PATIL NAGESH BAPURAO,Member of Parliament,mp_hingoli,MP@Hingoli2026!
Lok Sabha,District Authority Auditor,HISAR,HISAR,Haryana,JAI PARKASH,District Authority Auditor,auditor_hisar,Auditor@Hisar2026!
Lok Sabha,Member of Parliament (Lok Sabha),HISAR,HISAR,Haryana,JAI PARKASH,Member of Parliament,mp_hisar,MP@Hisar2026!
Lok Sabha,District Authority Auditor,HOOGHLY,HOOGHLY,West Bengal,RACHNA BANERJEE,District Authority Auditor,auditor_hooghly,Auditor@Hooghly2026!
Lok Sabha,Member of Parliament (Lok Sabha),HOOGHLY,HOOGHLY,West Bengal,RACHNA BANERJEE,Member of Parliament,mp_hooghly,MP@Hooghly2026!
Lok Sabha,District Authority Auditor,HOSHANGABAD,HOSHANGABAD,Madhya Pradesh,DARSHAN SINGH CHOUDHARY,District Authority Auditor,auditor_hoshangabad,Auditor@Hoshangabad2026!
Lok Sabha,Member of Parliament (Lok Sabha),HOSHANGABAD,HOSHANGABAD,Madhya Pradesh,DARSHAN SINGH CHOUDHARY,Member of Parliament,mp_hoshangabad,MP@Hoshangabad2026!
Lok Sabha,District Authority Auditor,HOSHIARPUR(SC),HOSHIARPUR(SC),Punjab,DR. RAJ KUMAR CHABBEWAL,District Authority Auditor,auditor_hoshiarpur,Auditor@Hoshiarpur2026!
Lok Sabha,Member of Parliament (Lok Sabha),HOSHIARPUR(SC),HOSHIARPUR(SC),Punjab,DR. RAJ KUMAR CHABBEWAL,Member of Parliament,mp_hoshiarpur,MP@Hoshiarpur2026!
Lok Sabha,District Authority Auditor,HOWRAH,HOWRAH,West Bengal,Prasun Banerjee,District Authority Auditor,auditor_howrah,Auditor@Howrah2026!
Lok Sabha,Member of Parliament (Lok Sabha),HOWRAH,HOWRAH,West Bengal,Prasun Banerjee,Member of Parliament,mp_howrah,MP@Howrah2026!
Lok Sabha,District Authority Auditor,HYDERABAD,HYDERABAD,Telangana,Asaduddin Owaisi,District Authority Auditor,auditor_hyderabad,Auditor@Hyderabad2026!
Lok Sabha,Member of Parliament (Lok Sabha),HYDERABAD,HYDERABAD,Telangana,Asaduddin Owaisi,Member of Parliament,mp_hyderabad,MP@Hyderabad2026!
Lok Sabha,District Authority Auditor,IDUKKI,IDUKKI,Kerala,Adv Dean Kuriakose,District Authority Auditor,auditor_idukki,Auditor@Idukki2026!
Lok Sabha,Member of Parliament (Lok Sabha),IDUKKI,IDUKKI,Kerala,Adv Dean Kuriakose,Member of Parliament,mp_idukki,MP@Idukki2026!
Lok Sabha,District Authority Auditor,INDORE,INDORE,Madhya Pradesh,Shankar Lalwani,District Authority Auditor,auditor_indore,Auditor@Indore2026!
Lok Sabha,Member of Parliament (Lok Sabha),INDORE,INDORE,Madhya Pradesh,Shankar Lalwani,Member of Parliament,mp_indore,MP@Indore2026!
Lok Sabha,District Authority Auditor,INNER MANIPUR,INNER MANIPUR,Manipur,ANGOMCHA BIMOL AKOIJAM,District Authority Auditor,auditor_inner_manipur,Auditor@InnerManipur2026!
Lok Sabha,Member of Parliament (Lok Sabha),INNER MANIPUR,INNER MANIPUR,Manipur,ANGOMCHA BIMOL AKOIJAM,Member of Parliament,mp_inner_manipur,MP@InnerManipur2026!
Lok Sabha,District Authority Auditor,JABALPUR,JABALPUR,Madhya Pradesh,ASHISH DUBEY,District Authority Auditor,auditor_jabalpur,Auditor@Jabalpur2026!
Lok Sabha,Member of Parliament (Lok Sabha),JABALPUR,JABALPUR,Madhya Pradesh,ASHISH DUBEY,Member of Parliament,mp_jabalpur,MP@Jabalpur2026!
Lok Sabha,District Authority Auditor,JADAVPUR,JADAVPUR,West Bengal,SAYANI GHOSH,District Authority Auditor,auditor_jadavpur,Auditor@Jadavpur2026!
Lok Sabha,Member of Parliament (Lok Sabha),JADAVPUR,JADAVPUR,West Bengal,SAYANI GHOSH,Member of Parliament,mp_jadavpur,MP@Jadavpur2026!
Lok Sabha,District Authority Auditor,JAGATSINGHPUR(SC),JAGATSINGHPUR(SC),Odisha,BIBHU PRASAD TARAI,District Authority Auditor,auditor_jagatsinghpur,Auditor@Jagatsinghpu2026!
Lok Sabha,Member of Parliament (Lok Sabha),JAGATSINGHPUR(SC),JAGATSINGHPUR(SC),Odisha,BIBHU PRASAD TARAI,Member of Parliament,mp_jagatsinghpur,MP@Jagatsinghpu2026!
Lok Sabha,District Authority Auditor,JAHANABAD,JAHANABAD,Bihar,SURENDRA PRASAD YADAV,District Authority Auditor,auditor_jahanabad,Auditor@Jahanabad2026!
Lok Sabha,Member of Parliament (Lok Sabha),JAHANABAD,JAHANABAD,Bihar,SURENDRA PRASAD YADAV,Member of Parliament,mp_jahanabad,MP@Jahanabad2026!
Lok Sabha,District Authority Auditor,JAIPUR,JAIPUR,Rajasthan,MANJU SHARMA,District Authority Auditor,auditor_jaipur,Auditor@Jaipur2026!
Lok Sabha,Member of Parliament (Lok Sabha),JAIPUR,JAIPUR,Rajasthan,MANJU SHARMA,Member of Parliament,mp_jaipur,MP@Jaipur2026!
Lok Sabha,District Authority Auditor,JAIPUR RURAL,JAIPUR RURAL,Rajasthan,Rao Rajendra Singh,District Authority Auditor,auditor_jaipur_rural,Auditor@JaipurRural2026!
Lok Sabha,Member of Parliament (Lok Sabha),JAIPUR RURAL,JAIPUR RURAL,Rajasthan,Rao Rajendra Singh,Member of Parliament,mp_jaipur_rural,MP@JaipurRural2026!
Lok Sabha,District Authority Auditor,JAJPUR(SC),JAJPUR(SC),Odisha,RABINDRA NARAYAN BEHERA,District Authority Auditor,auditor_jajpur,Auditor@Jajpur2026!
Lok Sabha,Member of Parliament (Lok Sabha),JAJPUR(SC),JAJPUR(SC),Odisha,RABINDRA NARAYAN BEHERA,Member of Parliament,mp_jajpur,MP@Jajpur2026!
Lok Sabha,District Authority Auditor,JALANDHAR(SC),JALANDHAR(SC),Punjab,CHARANJIT SINGH CHANNI,District Authority Auditor,auditor_jalandhar,Auditor@Jalandhar2026!
Lok Sabha,Member of Parliament (Lok Sabha),JALANDHAR(SC),JALANDHAR(SC),Punjab,CHARANJIT SINGH CHANNI,Member of Parliament,mp_jalandhar,MP@Jalandhar2026!
Lok Sabha,District Authority Auditor,JALAUN(SC),JALAUN(SC),Uttar Pradesh,NARAYAN DAS AHIRWAR,District Authority Auditor,auditor_jalaun,Auditor@Jalaun2026!
Lok Sabha,Member of Parliament (Lok Sabha),JALAUN(SC),JALAUN(SC),Uttar Pradesh,NARAYAN DAS AHIRWAR,Member of Parliament,mp_jalaun,MP@Jalaun2026!
Lok Sabha,District Authority Auditor,JALGAON,JALGAON,Maharashtra,SMITA UDAY WAGH,District Authority Auditor,auditor_jalgaon,Auditor@Jalgaon2026!
Lok Sabha,Member of Parliament (Lok Sabha),JALGAON,JALGAON,Maharashtra,SMITA UDAY WAGH,Member of Parliament,mp_jalgaon,MP@Jalgaon2026!
Lok Sabha,District Authority Auditor,JALNA,JALNA,Maharashtra,KALYAN VAIJINATHRAO KALE,District Authority Auditor,auditor_jalna,Auditor@Jalna2026!
Lok Sabha,Member of Parliament (Lok Sabha),JALNA,JALNA,Maharashtra,KALYAN VAIJINATHRAO KALE,Member of Parliament,mp_jalna,MP@Jalna2026!
Lok Sabha,District Authority Auditor,JALORE,JALORE,Rajasthan,LUMBARAM,District Authority Auditor,auditor_jalore,Auditor@Jalore2026!
Lok Sabha,Member of Parliament (Lok Sabha),JALORE,JALORE,Rajasthan,LUMBARAM,Member of Parliament,mp_jalore,MP@Jalore2026!
Lok Sabha,District Authority Auditor,JALPAIGURI(SC),JALPAIGURI(SC),West Bengal,Dr Jayanta Kumar Roy,District Authority Auditor,auditor_jalpaiguri,Auditor@Jalpaiguri2026!
Lok Sabha,Member of Parliament (Lok Sabha),JALPAIGURI(SC),JALPAIGURI(SC),West Bengal,Dr Jayanta Kumar Roy,Member of Parliament,mp_jalpaiguri,MP@Jalpaiguri2026!
Lok Sabha,District Authority Auditor,JAMMU,JAMMU,Jammu And Kashmir,Shri Jugal Kishore Sharma,District Authority Auditor,auditor_jammu,Auditor@Jammu2026!
Lok Sabha,Member of Parliament (Lok Sabha),JAMMU,JAMMU,Jammu And Kashmir,Shri Jugal Kishore Sharma,Member of Parliament,mp_jammu,MP@Jammu2026!
Lok Sabha,District Authority Auditor,JAMNAGAR,JAMNAGAR,Gujarat,Smt Poonamben Hematbhai Maadam,District Authority Auditor,auditor_jamnagar,Auditor@Jamnagar2026!
Lok Sabha,Member of Parliament (Lok Sabha),JAMNAGAR,JAMNAGAR,Gujarat,Smt Poonamben Hematbhai Maadam,Member of Parliament,mp_jamnagar,MP@Jamnagar2026!
Lok Sabha,District Authority Auditor,JAMSHEDPUR,JAMSHEDPUR,Jharkhand,Bidyut Baran Mahato,District Authority Auditor,auditor_jamshedpur,Auditor@Jamshedpur2026!
Lok Sabha,Member of Parliament (Lok Sabha),JAMSHEDPUR,JAMSHEDPUR,Jharkhand,Bidyut Baran Mahato,Member of Parliament,mp_jamshedpur,MP@Jamshedpur2026!
Lok Sabha,District Authority Auditor,JAMUI(SC),JAMUI(SC),Bihar,ARUN BHARTI,District Authority Auditor,auditor_jamui,Auditor@Jamui2026!
Lok Sabha,Member of Parliament (Lok Sabha),JAMUI(SC),JAMUI(SC),Bihar,ARUN BHARTI,Member of Parliament,mp_jamui,MP@Jamui2026!
Lok Sabha,District Authority Auditor,JANGIPUR,JANGIPUR,West Bengal,Khalilur Rahaman,District Authority Auditor,auditor_jangipur,Auditor@Jangipur2026!
Lok Sabha,Member of Parliament (Lok Sabha),JANGIPUR,JANGIPUR,West Bengal,Khalilur Rahaman,Member of Parliament,mp_jangipur,MP@Jangipur2026!
Lok Sabha,District Authority Auditor,JANJGIR CHAMPA(SC),JANJGIR CHAMPA(SC),Chhattisgarh,KAMLESH JANGDE,District Authority Auditor,auditor_janjgir_champa,Auditor@JanjgirChamp2026!
Lok Sabha,Member of Parliament (Lok Sabha),JANJGIR CHAMPA(SC),JANJGIR CHAMPA(SC),Chhattisgarh,KAMLESH JANGDE,Member of Parliament,mp_janjgir_champa,MP@JanjgirChamp2026!
Lok Sabha,District Authority Auditor,JAUNPUR,JAUNPUR,Uttar Pradesh,BABU SINGH KUSHWAHA,District Authority Auditor,auditor_jaunpur,Auditor@Jaunpur2026!
Lok Sabha,Member of Parliament (Lok Sabha),JAUNPUR,JAUNPUR,Uttar Pradesh,BABU SINGH KUSHWAHA,Member of Parliament,mp_jaunpur,MP@Jaunpur2026!
Lok Sabha,District Authority Auditor,JHALAWAR-BARAN,JHALAWAR-BARAN,Rajasthan,Dushyant Singh,District Authority Auditor,auditor_jhalawar_baran,Auditor@JhalawarBara2026!
Lok Sabha,Member of Parliament (Lok Sabha),JHALAWAR-BARAN,JHALAWAR-BARAN,Rajasthan,Dushyant Singh,Member of Parliament,mp_jhalawar_baran,MP@JhalawarBara2026!
Lok Sabha,District Authority Auditor,JHANJHARPUR,JHANJHARPUR,Bihar,Ramprit Mandal,District Authority Auditor,auditor_jhanjharpur,Auditor@Jhanjharpur2026!
Lok Sabha,Member of Parliament (Lok Sabha),JHANJHARPUR,JHANJHARPUR,Bihar,Ramprit Mandal,Member of Parliament,mp_jhanjharpur,MP@Jhanjharpur2026!
Lok Sabha,District Authority Auditor,JHANSI,JHANSI,Uttar Pradesh,Anurag Sharma,District Authority Auditor,auditor_jhansi,Auditor@Jhansi2026!
Lok Sabha,Member of Parliament (Lok Sabha),JHANSI,JHANSI,Uttar Pradesh,Anurag Sharma,Member of Parliament,mp_jhansi,MP@Jhansi2026!
Lok Sabha,District Authority Auditor,JHARGRAM(ST),JHARGRAM(ST),West Bengal,KALIPADA SAREN,District Authority Auditor,auditor_jhargram,Auditor@Jhargram2026!
Lok Sabha,Member of Parliament (Lok Sabha),JHARGRAM(ST),JHARGRAM(ST),West Bengal,KALIPADA SAREN,Member of Parliament,mp_jhargram,MP@Jhargram2026!
Lok Sabha,District Authority Auditor,JHUNJHUNU,JHUNJHUNU,Rajasthan,BRIJENDRA SINGH OLA,District Authority Auditor,auditor_jhunjhunu,Auditor@Jhunjhunu2026!
Lok Sabha,Member of Parliament (Lok Sabha),JHUNJHUNU,JHUNJHUNU,Rajasthan,BRIJENDRA SINGH OLA,Member of Parliament,mp_jhunjhunu,MP@Jhunjhunu2026!
Lok Sabha,District Authority Auditor,JODHPUR,JODHPUR,Rajasthan,Gajendra Singh Shekhawat,District Authority Auditor,auditor_jodhpur,Auditor@Jodhpur2026!
Lok Sabha,Member of Parliament (Lok Sabha),JODHPUR,JODHPUR,Rajasthan,Gajendra Singh Shekhawat,Member of Parliament,mp_jodhpur,MP@Jodhpur2026!
Lok Sabha,District Authority Auditor,JORHAT,JORHAT,Assam,GAURAV GOGOI,District Authority Auditor,auditor_jorhat,Auditor@Jorhat2026!
Lok Sabha,Member of Parliament (Lok Sabha),JORHAT,JORHAT,Assam,GAURAV GOGOI,Member of Parliament,mp_jorhat,MP@Jorhat2026!
Lok Sabha,District Authority Auditor,JOYNAGAR(SC),JOYNAGAR(SC),West Bengal,Pratima Mondal,District Authority Auditor,auditor_joynagar,Auditor@Joynagar2026!
Lok Sabha,Member of Parliament (Lok Sabha),JOYNAGAR(SC),JOYNAGAR(SC),West Bengal,Pratima Mondal,Member of Parliament,mp_joynagar,MP@Joynagar2026!
Lok Sabha,District Authority Auditor,JUNAGADH,JUNAGADH,Gujarat,Rajeshbhai Naranbhai Chudasama,District Authority Auditor,auditor_junagadh,Auditor@Junagadh2026!
Lok Sabha,Member of Parliament (Lok Sabha),JUNAGADH,JUNAGADH,Gujarat,Rajeshbhai Naranbhai Chudasama,Member of Parliament,mp_junagadh,MP@Junagadh2026!
Lok Sabha,District Authority Auditor,KACHCHH(SC),KACHCHH(SC),Gujarat,Vinod Chavda,District Authority Auditor,auditor_kachchh,Auditor@Kachchh2026!
Lok Sabha,Member of Parliament (Lok Sabha),KACHCHH(SC),KACHCHH(SC),Gujarat,Vinod Chavda,Member of Parliament,mp_kachchh,MP@Kachchh2026!
Lok Sabha,District Authority Auditor,KADAPA,KADAPA,Andhra Pradesh,Y S Avinash Reddy,District Authority Auditor,auditor_kadapa,Auditor@Kadapa2026!
Lok Sabha,Member of Parliament (Lok Sabha),KADAPA,KADAPA,Andhra Pradesh,Y S Avinash Reddy,Member of Parliament,mp_kadapa,MP@Kadapa2026!
Lok Sabha,District Authority Auditor,KAIRANA,KAIRANA,Uttar Pradesh,IQRA CHOUDHARY,District Authority Auditor,auditor_kairana,Auditor@Kairana2026!
Lok Sabha,Member of Parliament (Lok Sabha),KAIRANA,KAIRANA,Uttar Pradesh,IQRA CHOUDHARY,Member of Parliament,mp_kairana,MP@Kairana2026!
Lok Sabha,District Authority Auditor,KAISERGANJ,KAISERGANJ,Uttar Pradesh,KARAN BHUSHAN SINGH,District Authority Auditor,auditor_kaiserganj,Auditor@Kaiserganj2026!
Lok Sabha,Member of Parliament (Lok Sabha),KAISERGANJ,KAISERGANJ,Uttar Pradesh,KARAN BHUSHAN SINGH,Member of Parliament,mp_kaiserganj,MP@Kaiserganj2026!
Lok Sabha,District Authority Auditor,KAKINADA,KAKINADA,Andhra Pradesh,TANGELLA UDAY SRINIVAS,District Authority Auditor,auditor_kakinada,Auditor@Kakinada2026!
Lok Sabha,Member of Parliament (Lok Sabha),KAKINADA,KAKINADA,Andhra Pradesh,TANGELLA UDAY SRINIVAS,Member of Parliament,mp_kakinada,MP@Kakinada2026!
Lok Sabha,District Authority Auditor,KALAHANDI,KALAHANDI,Odisha,MALVIKA DEVI,District Authority Auditor,auditor_kalahandi,Auditor@Kalahandi2026!
Lok Sabha,Member of Parliament (Lok Sabha),KALAHANDI,KALAHANDI,Odisha,MALVIKA DEVI,Member of Parliament,mp_kalahandi,MP@Kalahandi2026!
Lok Sabha,District Authority Auditor,KALLAKURICHI,KALLAKURICHI,Tamil Nadu,MALAIYARASAN D,District Authority Auditor,auditor_kallakurichi,Auditor@Kallakurichi2026!
Lok Sabha,Member of Parliament (Lok Sabha),KALLAKURICHI,KALLAKURICHI,Tamil Nadu,MALAIYARASAN D,Member of Parliament,mp_kallakurichi,MP@Kallakurichi2026!
Lok Sabha,District Authority Auditor,KALYAN,KALYAN,Maharashtra,Shrikant Eknath Shinde,District Authority Auditor,auditor_kalyan,Auditor@Kalyan2026!
Lok Sabha,Member of Parliament (Lok Sabha),KALYAN,KALYAN,Maharashtra,Shrikant Eknath Shinde,Member of Parliament,mp_kalyan,MP@Kalyan2026!
Lok Sabha,District Authority Auditor,KANCHEEPURAM(SC),KANCHEEPURAM(SC),Tamil Nadu,Ganesan Selvam,District Authority Auditor,auditor_kancheepuram,Auditor@Kancheepuram2026!
Lok Sabha,Member of Parliament (Lok Sabha),KANCHEEPURAM(SC),KANCHEEPURAM(SC),Tamil Nadu,Ganesan Selvam,Member of Parliament,mp_kancheepuram,MP@Kancheepuram2026!
Lok Sabha,District Authority Auditor,KANDHAMAL,KANDHAMAL,Odisha,SUKANTA KUMAR PANIGRAHI,District Authority Auditor,auditor_kandhamal,Auditor@Kandhamal2026!
Lok Sabha,Member of Parliament (Lok Sabha),KANDHAMAL,KANDHAMAL,Odisha,SUKANTA KUMAR PANIGRAHI,Member of Parliament,mp_kandhamal,MP@Kandhamal2026!
Lok Sabha,District Authority Auditor,KANGRA,KANGRA,Himachal Pradesh,RAJEEV BHARDWAJ,District Authority Auditor,auditor_kangra,Auditor@Kangra2026!
Lok Sabha,Member of Parliament (Lok Sabha),KANGRA,KANGRA,Himachal Pradesh,RAJEEV BHARDWAJ,Member of Parliament,mp_kangra,MP@Kangra2026!
Lok Sabha,District Authority Auditor,KANKER(ST),KANKER(ST),Chhattisgarh,BHOJRAJ NAG,District Authority Auditor,auditor_kanker,Auditor@Kanker2026!
Lok Sabha,Member of Parliament (Lok Sabha),KANKER(ST),KANKER(ST),Chhattisgarh,BHOJRAJ NAG,Member of Parliament,mp_kanker,MP@Kanker2026!
Lok Sabha,District Authority Auditor,KANNAUJ,KANNAUJ,Uttar Pradesh,AKHILESH YADAV,District Authority Auditor,auditor_kannauj,Auditor@Kannauj2026!
Lok Sabha,Member of Parliament (Lok Sabha),KANNAUJ,KANNAUJ,Uttar Pradesh,AKHILESH YADAV,Member of Parliament,mp_kannauj,MP@Kannauj2026!
Lok Sabha,District Authority Auditor,KANNIYAKUMARI,KANNIYAKUMARI,Tamil Nadu,Shri vijayakumar Vasanth,District Authority Auditor,auditor_kanniyakumari,Auditor@Kanniyakumar2026!
Lok Sabha,Member of Parliament (Lok Sabha),KANNIYAKUMARI,KANNIYAKUMARI,Tamil Nadu,Shri vijayakumar Vasanth,Member of Parliament,mp_kanniyakumari,MP@Kanniyakumar2026!
Lok Sabha,District Authority Auditor,KANNUR,KANNUR,Kerala,Shri Kumbakudi Sudhakaran,District Authority Auditor,auditor_kannur,Auditor@Kannur2026!
Lok Sabha,Member of Parliament (Lok Sabha),KANNUR,KANNUR,Kerala,Shri Kumbakudi Sudhakaran,Member of Parliament,mp_kannur,MP@Kannur2026!
Lok Sabha,District Authority Auditor,KANPUR,KANPUR,Uttar Pradesh,RAMESH AWASTHI,District Authority Auditor,auditor_kanpur,Auditor@Kanpur2026!
Lok Sabha,Member of Parliament (Lok Sabha),KANPUR,KANPUR,Uttar Pradesh,RAMESH AWASTHI,Member of Parliament,mp_kanpur,MP@Kanpur2026!
Lok Sabha,District Authority Auditor,KANTHI,KANTHI,West Bengal,ADHIKARI SOUMENDU,District Authority Auditor,auditor_kanthi,Auditor@Kanthi2026!
Lok Sabha,Member of Parliament (Lok Sabha),KANTHI,KANTHI,West Bengal,ADHIKARI SOUMENDU,Member of Parliament,mp_kanthi,MP@Kanthi2026!
Lok Sabha,District Authority Auditor,KARAKAT,KARAKAT,Bihar,RAJA RAM SINGH,District Authority Auditor,auditor_karakat,Auditor@Karakat2026!
Lok Sabha,Member of Parliament (Lok Sabha),KARAKAT,KARAKAT,Bihar,RAJA RAM SINGH,Member of Parliament,mp_karakat,MP@Karakat2026!
Lok Sabha,District Authority Auditor,KARAULI-DHOLPUR(SC),KARAULI-DHOLPUR(SC),Rajasthan,BHAJAN LAL JATAV,District Authority Auditor,auditor_karauli_dholpur,Auditor@KarauliDholp2026!
Lok Sabha,Member of Parliament (Lok Sabha),KARAULI-DHOLPUR(SC),KARAULI-DHOLPUR(SC),Rajasthan,BHAJAN LAL JATAV,Member of Parliament,mp_karauli_dholpur,MP@KarauliDholp2026!
Lok Sabha,District Authority Auditor,KARIMGANJ (SC),KARIMGANJ (SC),Assam,Kripanath Mallah,District Authority Auditor,auditor_karimganj,Auditor@Karimganj2026!
Lok Sabha,Member of Parliament (Lok Sabha),KARIMGANJ (SC),KARIMGANJ (SC),Assam,Kripanath Mallah,Member of Parliament,mp_karimganj,MP@Karimganj2026!
Lok Sabha,District Authority Auditor,KARIMNAGAR,KARIMNAGAR,Telangana,Sanjay Kumar Bandi,District Authority Auditor,auditor_karimnagar,Auditor@Karimnagar2026!
Lok Sabha,Member of Parliament (Lok Sabha),KARIMNAGAR,KARIMNAGAR,Telangana,Sanjay Kumar Bandi,Member of Parliament,mp_karimnagar,MP@Karimnagar2026!
Lok Sabha,District Authority Auditor,KARNAL,KARNAL,Haryana,MANOHAR LAL,District Authority Auditor,auditor_karnal,Auditor@Karnal2026!
Lok Sabha,Member of Parliament (Lok Sabha),KARNAL,KARNAL,Haryana,MANOHAR LAL,Member of Parliament,mp_karnal,MP@Karnal2026!
Lok Sabha,District Authority Auditor,KARUR,KARUR,Tamil Nadu,Smt S Jothimani,District Authority Auditor,auditor_karur,Auditor@Karur2026!
Lok Sabha,Member of Parliament (Lok Sabha),KARUR,KARUR,Tamil Nadu,Smt S Jothimani,Member of Parliament,mp_karur,MP@Karur2026!
Lok Sabha,District Authority Auditor,KASARAGOD,KASARAGOD,Kerala,Shri Rajmohan Unnithan,District Authority Auditor,auditor_kasaragod,Auditor@Kasaragod2026!
Lok Sabha,Member of Parliament (Lok Sabha),KASARAGOD,KASARAGOD,Kerala,Shri Rajmohan Unnithan,Member of Parliament,mp_kasaragod,MP@Kasaragod2026!
Lok Sabha,District Authority Auditor,KATIHAR,KATIHAR,Bihar,TARIQ ANWAR,District Authority Auditor,auditor_katihar,Auditor@Katihar2026!
Lok Sabha,Member of Parliament (Lok Sabha),KATIHAR,KATIHAR,Bihar,TARIQ ANWAR,Member of Parliament,mp_katihar,MP@Katihar2026!
Lok Sabha,District Authority Auditor,KAUSHAMBI(SC),KAUSHAMBI(SC),Uttar Pradesh,PUSHPENDRA SAROJ,District Authority Auditor,auditor_kaushambi,Auditor@Kaushambi2026!
Lok Sabha,Member of Parliament (Lok Sabha),KAUSHAMBI(SC),KAUSHAMBI(SC),Uttar Pradesh,PUSHPENDRA SAROJ,Member of Parliament,mp_kaushambi,MP@Kaushambi2026!
Lok Sabha,District Authority Auditor,KENDRAPARA,KENDRAPARA,Odisha,BAIJAYANT PANDA,District Authority Auditor,auditor_kendrapara,Auditor@Kendrapara2026!
Lok Sabha,Member of Parliament (Lok Sabha),KENDRAPARA,KENDRAPARA,Odisha,BAIJAYANT PANDA,Member of Parliament,mp_kendrapara,MP@Kendrapara2026!
Lok Sabha,District Authority Auditor,KEONJHAR(ST),KEONJHAR(ST),Odisha,ANANTA NAYAK,District Authority Auditor,auditor_keonjhar,Auditor@Keonjhar2026!
Lok Sabha,Member of Parliament (Lok Sabha),KEONJHAR(ST),KEONJHAR(ST),Odisha,ANANTA NAYAK,Member of Parliament,mp_keonjhar,MP@Keonjhar2026!
Lok Sabha,District Authority Auditor,KHADOOR SAHIB,KHADOOR SAHIB,Punjab,Shri Jasbir Singh (17th Lok Sabha),District Authority Auditor,auditor_khadoor_sahib,Auditor@KhadoorSahib2026!
Lok Sabha,Member of Parliament (Lok Sabha),KHADOOR SAHIB,KHADOOR SAHIB,Punjab,Shri Jasbir Singh (17th Lok Sabha),Member of Parliament,mp_khadoor_sahib,MP@KhadoorSahib2026!
Lok Sabha,District Authority Auditor,KHAGARIA,KHAGARIA,Bihar,RAJESH VERMA,District Authority Auditor,auditor_khagaria,Auditor@Khagaria2026!
Lok Sabha,Member of Parliament (Lok Sabha),KHAGARIA,KHAGARIA,Bihar,RAJESH VERMA,Member of Parliament,mp_khagaria,MP@Khagaria2026!
Lok Sabha,District Authority Auditor,KHAJURAHO,KHAJURAHO,Madhya Pradesh,Vishnu Dutt Sharma,District Authority Auditor,auditor_khajuraho,Auditor@Khajuraho2026!
Lok Sabha,Member of Parliament (Lok Sabha),KHAJURAHO,KHAJURAHO,Madhya Pradesh,Vishnu Dutt Sharma,Member of Parliament,mp_khajuraho,MP@Khajuraho2026!
Lok Sabha,District Authority Auditor,KHAMMAM,KHAMMAM,Telangana,RAMASAHAYAM RAGHURAM REDDY,District Authority Auditor,auditor_khammam,Auditor@Khammam2026!
Lok Sabha,Member of Parliament (Lok Sabha),KHAMMAM,KHAMMAM,Telangana,RAMASAHAYAM RAGHURAM REDDY,Member of Parliament,mp_khammam,MP@Khammam2026!
Lok Sabha,District Authority Auditor,KHANDWA,KHANDWA,Madhya Pradesh,Gyaneshwar Patil,District Authority Auditor,auditor_khandwa,Auditor@Khandwa2026!
Lok Sabha,Member of Parliament (Lok Sabha),KHANDWA,KHANDWA,Madhya Pradesh,Gyaneshwar Patil,Member of Parliament,mp_khandwa,MP@Khandwa2026!
Lok Sabha,District Authority Auditor,KHARGONE(ST),KHARGONE(ST),Madhya Pradesh,Gajendra Singh Patel,District Authority Auditor,auditor_khargone,Auditor@Khargone2026!
Lok Sabha,Member of Parliament (Lok Sabha),KHARGONE(ST),KHARGONE(ST),Madhya Pradesh,Gajendra Singh Patel,Member of Parliament,mp_khargone,MP@Khargone2026!
Lok Sabha,District Authority Auditor,KHEDA,KHEDA,Gujarat,Devusinh Jesingbhai Chauhan,District Authority Auditor,auditor_kheda,Auditor@Kheda2026!
Lok Sabha,Member of Parliament (Lok Sabha),KHEDA,KHEDA,Gujarat,Devusinh Jesingbhai Chauhan,Member of Parliament,mp_kheda,MP@Kheda2026!
Lok Sabha,District Authority Auditor,KHERI,KHERI,Uttar Pradesh,UTKARSH VERMA MADHUR,District Authority Auditor,auditor_kheri,Auditor@Kheri2026!
Lok Sabha,Member of Parliament (Lok Sabha),KHERI,KHERI,Uttar Pradesh,UTKARSH VERMA MADHUR,Member of Parliament,mp_kheri,MP@Kheri2026!
Lok Sabha,District Authority Auditor,KHUNTI(ST),KHUNTI(ST),Jharkhand,KALI CHARAN MUNDA,District Authority Auditor,auditor_khunti,Auditor@Khunti2026!
Lok Sabha,Member of Parliament (Lok Sabha),KHUNTI(ST),KHUNTI(ST),Jharkhand,KALI CHARAN MUNDA,Member of Parliament,mp_khunti,MP@Khunti2026!
Lok Sabha,District Authority Auditor,KISHANGANJ,KISHANGANJ,Bihar,Dr Mohammad Jawed,District Authority Auditor,auditor_kishanganj,Auditor@Kishanganj2026!
Lok Sabha,Member of Parliament (Lok Sabha),KISHANGANJ,KISHANGANJ,Bihar,Dr Mohammad Jawed,Member of Parliament,mp_kishanganj,MP@Kishanganj2026!
Lok Sabha,District Authority Auditor,KODARMA,KODARMA,Jharkhand,Annpurna Devi,District Authority Auditor,auditor_kodarma,Auditor@Kodarma2026!
Lok Sabha,Member of Parliament (Lok Sabha),KODARMA,KODARMA,Jharkhand,Annpurna Devi,Member of Parliament,mp_kodarma,MP@Kodarma2026!
Lok Sabha,District Authority Auditor,KOKRAJHAR (ST),KOKRAJHAR (ST),Assam,JOYANTA BASUMATARY,District Authority Auditor,auditor_kokrajhar,Auditor@Kokrajhar2026!
Lok Sabha,Member of Parliament (Lok Sabha),KOKRAJHAR (ST),KOKRAJHAR (ST),Assam,JOYANTA BASUMATARY,Member of Parliament,mp_kokrajhar,MP@Kokrajhar2026!
Lok Sabha,District Authority Auditor,KOLAR(SC),KOLAR(SC),Karnataka,M. MALLESH BABU,District Authority Auditor,auditor_kolar,Auditor@Kolar2026!
Lok Sabha,Member of Parliament (Lok Sabha),KOLAR(SC),KOLAR(SC),Karnataka,M. MALLESH BABU,Member of Parliament,mp_kolar,MP@Kolar2026!
Lok Sabha,District Authority Auditor,KOLHAPUR,KOLHAPUR,Maharashtra,CHHATRAPATI SHAHU SHAHAJI,District Authority Auditor,auditor_kolhapur,Auditor@Kolhapur2026!
Lok Sabha,Member of Parliament (Lok Sabha),KOLHAPUR,KOLHAPUR,Maharashtra,CHHATRAPATI SHAHU SHAHAJI,Member of Parliament,mp_kolhapur,MP@Kolhapur2026!
Lok Sabha,District Authority Auditor,KOLKATA DAKSHIN,KOLKATA DAKSHIN,West Bengal,Mala Roy,District Authority Auditor,auditor_kolkata_dakshin,Auditor@KolkataDaksh2026!
Lok Sabha,Member of Parliament (Lok Sabha),KOLKATA DAKSHIN,KOLKATA DAKSHIN,West Bengal,Mala Roy,Member of Parliament,mp_kolkata_dakshin,MP@KolkataDaksh2026!
Lok Sabha,District Authority Auditor,KOLKATA UTTAR,KOLKATA UTTAR,West Bengal,Sudip Bandyopadhyay,District Authority Auditor,auditor_kolkata_uttar,Auditor@KolkataUttar2026!
Lok Sabha,Member of Parliament (Lok Sabha),KOLKATA UTTAR,KOLKATA UTTAR,West Bengal,Sudip Bandyopadhyay,Member of Parliament,mp_kolkata_uttar,MP@KolkataUttar2026!
Lok Sabha,District Authority Auditor,KOLLAM,KOLLAM,Kerala,Shri NK Premachandran,District Authority Auditor,auditor_kollam,Auditor@Kollam2026!
Lok Sabha,Member of Parliament (Lok Sabha),KOLLAM,KOLLAM,Kerala,Shri NK Premachandran,Member of Parliament,mp_kollam,MP@Kollam2026!
Lok Sabha,District Authority Auditor,KOPPAL,KOPPAL,Karnataka,K. RAJASHEKAR BASAVARAJ HITNAL,District Authority Auditor,auditor_koppal,Auditor@Koppal2026!
Lok Sabha,Member of Parliament (Lok Sabha),KOPPAL,KOPPAL,Karnataka,K. RAJASHEKAR BASAVARAJ HITNAL,Member of Parliament,mp_koppal,MP@Koppal2026!
Lok Sabha,District Authority Auditor,KORAPUT(ST),KORAPUT(ST),Odisha,Saptagiri Sankar Ulaka,District Authority Auditor,auditor_koraput,Auditor@Koraput2026!
Lok Sabha,Member of Parliament (Lok Sabha),KORAPUT(ST),KORAPUT(ST),Odisha,Saptagiri Sankar Ulaka,Member of Parliament,mp_koraput,MP@Koraput2026!
Lok Sabha,District Authority Auditor,KORBA,KORBA,Chhattisgarh,Jyotsna Charandas Mahant,District Authority Auditor,auditor_korba,Auditor@Korba2026!
Lok Sabha,Member of Parliament (Lok Sabha),KORBA,KORBA,Chhattisgarh,Jyotsna Charandas Mahant,Member of Parliament,mp_korba,MP@Korba2026!
Lok Sabha,District Authority Auditor,KOTA,KOTA,Rajasthan,Om Birla,District Authority Auditor,auditor_kota,Auditor@Kota2026!
Lok Sabha,Member of Parliament (Lok Sabha),KOTA,KOTA,Rajasthan,Om Birla,Member of Parliament,mp_kota,MP@Kota2026!
Lok Sabha,District Authority Auditor,KOTTAYAM,KOTTAYAM,Kerala,ADV K FRANCIS GEORGE,District Authority Auditor,auditor_kottayam,Auditor@Kottayam2026!
Lok Sabha,Member of Parliament (Lok Sabha),KOTTAYAM,KOTTAYAM,Kerala,ADV K FRANCIS GEORGE,Member of Parliament,mp_kottayam,MP@Kottayam2026!
Lok Sabha,District Authority Auditor,KOZHIKODE,KOZHIKODE,Kerala,Shri M K Raghavan,District Authority Auditor,auditor_kozhikode,Auditor@Kozhikode2026!
Lok Sabha,Member of Parliament (Lok Sabha),KOZHIKODE,KOZHIKODE,Kerala,Shri M K Raghavan,Member of Parliament,mp_kozhikode,MP@Kozhikode2026!
Lok Sabha,District Authority Auditor,KRISHNAGIRI,KRISHNAGIRI,Tamil Nadu,GOPINATH K,District Authority Auditor,auditor_krishnagiri,Auditor@Krishnagiri2026!
Lok Sabha,Member of Parliament (Lok Sabha),KRISHNAGIRI,KRISHNAGIRI,Tamil Nadu,GOPINATH K,Member of Parliament,mp_krishnagiri,MP@Krishnagiri2026!
Lok Sabha,District Authority Auditor,KRISHNANAGAR,KRISHNANAGAR,West Bengal,Ms Mahua Moitra,District Authority Auditor,auditor_krishnanagar,Auditor@Krishnanagar2026!
Lok Sabha,Member of Parliament (Lok Sabha),KRISHNANAGAR,KRISHNANAGAR,West Bengal,Ms Mahua Moitra,Member of Parliament,mp_krishnanagar,MP@Krishnanagar2026!
Lok Sabha,District Authority Auditor,KURNOOL,KURNOOL,Andhra Pradesh,BASTIPATI NAGARAJU PANCHALINGALA,District Authority Auditor,auditor_kurnool,Auditor@Kurnool2026!
Lok Sabha,Member of Parliament (Lok Sabha),KURNOOL,KURNOOL,Andhra Pradesh,BASTIPATI NAGARAJU PANCHALINGALA,Member of Parliament,mp_kurnool,MP@Kurnool2026!
Lok Sabha,District Authority Auditor,KURUKSHETRA,KURUKSHETRA,Haryana,NAVEEN JINDAL,District Authority Auditor,auditor_kurukshetra,Auditor@Kurukshetra2026!
Lok Sabha,Member of Parliament (Lok Sabha),KURUKSHETRA,KURUKSHETRA,Haryana,NAVEEN JINDAL,Member of Parliament,mp_kurukshetra,MP@Kurukshetra2026!
Lok Sabha,District Authority Auditor,KUSHI NAGAR,KUSHI NAGAR,Uttar Pradesh,Vijay Kumar Dubey,District Authority Auditor,auditor_kushi_nagar,Auditor@KushiNagar2026!
Lok Sabha,Member of Parliament (Lok Sabha),KUSHI NAGAR,KUSHI NAGAR,Uttar Pradesh,Vijay Kumar Dubey,Member of Parliament,mp_kushi_nagar,MP@KushiNagar2026!
Lok Sabha,District Authority Auditor,Kaziranga,Kaziranga,Assam,KAMAKHYA PRASAD TASA,District Authority Auditor,auditor_kaziranga,Auditor@Kaziranga2026!
Lok Sabha,Member of Parliament (Lok Sabha),Kaziranga,Kaziranga,Assam,KAMAKHYA PRASAD TASA,Member of Parliament,mp_kaziranga,MP@Kaziranga2026!
Lok Sabha,District Authority Auditor,LADAKH,LADAKH,Ladakh,Mohamed Haneefa,District Authority Auditor,auditor_ladakh,Auditor@Ladakh2026!
Lok Sabha,Member of Parliament (Lok Sabha),LADAKH,LADAKH,Ladakh,Mohamed Haneefa,Member of Parliament,mp_ladakh,MP@Ladakh2026!
Lok Sabha,District Authority Auditor,LAKHIMPUR,LAKHIMPUR,Assam,Pradan Baruah,District Authority Auditor,auditor_lakhimpur,Auditor@Lakhimpur2026!
Lok Sabha,Member of Parliament (Lok Sabha),LAKHIMPUR,LAKHIMPUR,Assam,Pradan Baruah,Member of Parliament,mp_lakhimpur,MP@Lakhimpur2026!
Lok Sabha,District Authority Auditor,LAKSHADWEEP(ST),LAKSHADWEEP(ST),Lakshadweep,MUHAMMED HAMDULLAH SAYEED,District Authority Auditor,auditor_lakshadweep,Auditor@Lakshadweep2026!
Lok Sabha,Member of Parliament (Lok Sabha),LAKSHADWEEP(ST),LAKSHADWEEP(ST),Lakshadweep,MUHAMMED HAMDULLAH SAYEED,Member of Parliament,mp_lakshadweep,MP@Lakshadweep2026!
Lok Sabha,District Authority Auditor,LALGANJ (SC),LALGANJ (SC),Uttar Pradesh,DAROGA PRASAD SAROJ,District Authority Auditor,auditor_lalganj,Auditor@Lalganj2026!
Lok Sabha,Member of Parliament (Lok Sabha),LALGANJ (SC),LALGANJ (SC),Uttar Pradesh,DAROGA PRASAD SAROJ,Member of Parliament,mp_lalganj,MP@Lalganj2026!
Lok Sabha,District Authority Auditor,LATUR(SC),LATUR(SC),Maharashtra,DR KALGE SHIVAJI BANDAPPA,District Authority Auditor,auditor_latur,Auditor@Latur2026!
Lok Sabha,Member of Parliament (Lok Sabha),LATUR(SC),LATUR(SC),Maharashtra,DR KALGE SHIVAJI BANDAPPA,Member of Parliament,mp_latur,MP@Latur2026!
Lok Sabha,District Authority Auditor,LOHARDAGA(ST),LOHARDAGA(ST),Jharkhand,SUKHDEO BHAGAT,District Authority Auditor,auditor_lohardaga,Auditor@Lohardaga2026!
Lok Sabha,Member of Parliament (Lok Sabha),LOHARDAGA(ST),LOHARDAGA(ST),Jharkhand,SUKHDEO BHAGAT,Member of Parliament,mp_lohardaga,MP@Lohardaga2026!
Lok Sabha,District Authority Auditor,LUCKNOW,LUCKNOW,Uttar Pradesh,Rajnath Singh,District Authority Auditor,auditor_lucknow,Auditor@Lucknow2026!
Lok Sabha,Member of Parliament (Lok Sabha),LUCKNOW,LUCKNOW,Uttar Pradesh,Rajnath Singh,Member of Parliament,mp_lucknow,MP@Lucknow2026!
Lok Sabha,District Authority Auditor,LUDHIANA,LUDHIANA,Punjab,AMRINDER SINGH RAJA WARRING,District Authority Auditor,auditor_ludhiana,Auditor@Ludhiana2026!
Lok Sabha,Member of Parliament (Lok Sabha),LUDHIANA,LUDHIANA,Punjab,AMRINDER SINGH RAJA WARRING,Member of Parliament,mp_ludhiana,MP@Ludhiana2026!
Lok Sabha,District Authority Auditor,MACHHLISHAHR(SC),MACHHLISHAHR(SC),Uttar Pradesh,PRIYA SAROJ,District Authority Auditor,auditor_machhlishahr,Auditor@Machhlishahr2026!
Lok Sabha,Member of Parliament (Lok Sabha),MACHHLISHAHR(SC),MACHHLISHAHR(SC),Uttar Pradesh,PRIYA SAROJ,Member of Parliament,mp_machhlishahr,MP@Machhlishahr2026!
Lok Sabha,District Authority Auditor,MACHILIPATNAM,MACHILIPATNAM,Andhra Pradesh,Balashowry Vallabbhaneni,District Authority Auditor,auditor_machilipatnam,Auditor@Machilipatna2026!
Lok Sabha,Member of Parliament (Lok Sabha),MACHILIPATNAM,MACHILIPATNAM,Andhra Pradesh,Balashowry Vallabbhaneni,Member of Parliament,mp_machilipatnam,MP@Machilipatna2026!
Lok Sabha,District Authority Auditor,MADHA,MADHA,Maharashtra,MOHITE PATIL DHAIRYASHEEL RAJSINH,District Authority Auditor,auditor_madha,Auditor@Madha2026!
Lok Sabha,Member of Parliament (Lok Sabha),MADHA,MADHA,Maharashtra,MOHITE PATIL DHAIRYASHEEL RAJSINH,Member of Parliament,mp_madha,MP@Madha2026!
Lok Sabha,District Authority Auditor,MADHEPURA,MADHEPURA,Bihar,Dinesh Chandra Yadav,District Authority Auditor,auditor_madhepura,Auditor@Madhepura2026!
Lok Sabha,Member of Parliament (Lok Sabha),MADHEPURA,MADHEPURA,Bihar,Dinesh Chandra Yadav,Member of Parliament,mp_madhepura,MP@Madhepura2026!
Lok Sabha,District Authority Auditor,MADHUBANI,MADHUBANI,Bihar,Ashok Kumar Yadav,District Authority Auditor,auditor_madhubani,Auditor@Madhubani2026!
Lok Sabha,Member of Parliament (Lok Sabha),MADHUBANI,MADHUBANI,Bihar,Ashok Kumar Yadav,Member of Parliament,mp_madhubani,MP@Madhubani2026!
Lok Sabha,District Authority Auditor,MADURAI,MADURAI,Tamil Nadu,S Venkatesan,District Authority Auditor,auditor_madurai,Auditor@Madurai2026!
Lok Sabha,Member of Parliament (Lok Sabha),MADURAI,MADURAI,Tamil Nadu,S Venkatesan,Member of Parliament,mp_madurai,MP@Madurai2026!
Lok Sabha,District Authority Auditor,MAHABUBABAD,MAHABUBABAD,Telangana,BALRAM NAIK PORIKA,District Authority Auditor,auditor_mahabubabad,Auditor@Mahabubabad2026!
Lok Sabha,Member of Parliament (Lok Sabha),MAHABUBABAD,MAHABUBABAD,Telangana,BALRAM NAIK PORIKA,Member of Parliament,mp_mahabubabad,MP@Mahabubabad2026!
Lok Sabha,District Authority Auditor,MAHABUBNAGAR,MAHABUBNAGAR,Telangana,ARUNA. D. K,District Authority Auditor,auditor_mahabubnagar,Auditor@Mahabubnagar2026!
Lok Sabha,Member of Parliament (Lok Sabha),MAHABUBNAGAR,MAHABUBNAGAR,Telangana,ARUNA. D. K,Member of Parliament,mp_mahabubnagar,MP@Mahabubnagar2026!
Lok Sabha,District Authority Auditor,MAHARAJGANJ_BR,MAHARAJGANJ_BR,Bihar,Shri Janardan Singh Sigriwal,District Authority Auditor,auditor_maharajganj_br,Auditor@MaharajganjB2026!
Lok Sabha,Member of Parliament (Lok Sabha),MAHARAJGANJ_BR,MAHARAJGANJ_BR,Bihar,Shri Janardan Singh Sigriwal,Member of Parliament,mp_maharajganj_br,MP@MaharajganjB2026!
Lok Sabha,District Authority Auditor,MAHARAJGANJ_UP,MAHARAJGANJ_UP,Uttar Pradesh,Pankaj Chowdhary,District Authority Auditor,auditor_maharajganj_up,Auditor@MaharajganjU2026!
Lok Sabha,Member of Parliament (Lok Sabha),MAHARAJGANJ_UP,MAHARAJGANJ_UP,Uttar Pradesh,Pankaj Chowdhary,Member of Parliament,mp_maharajganj_up,MP@MaharajganjU2026!
Lok Sabha,District Authority Auditor,MAHASAMUND,MAHASAMUND,Chhattisgarh,ROOP KUMARI CHOUDHARY,District Authority Auditor,auditor_mahasamund,Auditor@Mahasamund2026!
Lok Sabha,Member of Parliament (Lok Sabha),MAHASAMUND,MAHASAMUND,Chhattisgarh,ROOP KUMARI CHOUDHARY,Member of Parliament,mp_mahasamund,MP@Mahasamund2026!
Lok Sabha,District Authority Auditor,MAHESANA,MAHESANA,Gujarat,HARIBHAI PATEL,District Authority Auditor,auditor_mahesana,Auditor@Mahesana2026!
Lok Sabha,Member of Parliament (Lok Sabha),MAHESANA,MAHESANA,Gujarat,HARIBHAI PATEL,Member of Parliament,mp_mahesana,MP@Mahesana2026!
Lok Sabha,District Authority Auditor,MAINPURI,MAINPURI,Uttar Pradesh,Smt Dimple Yadav,District Authority Auditor,auditor_mainpuri,Auditor@Mainpuri2026!
Lok Sabha,Member of Parliament (Lok Sabha),MAINPURI,MAINPURI,Uttar Pradesh,Smt Dimple Yadav,Member of Parliament,mp_mainpuri,MP@Mainpuri2026!
Lok Sabha,District Authority Auditor,MALAPPURAM,MALAPPURAM,Kerala,E.T. MOHAMMED BASHEER,District Authority Auditor,auditor_malappuram,Auditor@Malappuram2026!
Lok Sabha,Member of Parliament (Lok Sabha),MALAPPURAM,MALAPPURAM,Kerala,E.T. MOHAMMED BASHEER,Member of Parliament,mp_malappuram,MP@Malappuram2026!
Lok Sabha,District Authority Auditor,MALDAHA DAKSHIN,MALDAHA DAKSHIN,West Bengal,ISHA KHAN CHOUDHURY,District Authority Auditor,auditor_maldaha_dakshin,Auditor@MaldahaDaksh2026!
Lok Sabha,Member of Parliament (Lok Sabha),MALDAHA DAKSHIN,MALDAHA DAKSHIN,West Bengal,ISHA KHAN CHOUDHURY,Member of Parliament,mp_maldaha_dakshin,MP@MaldahaDaksh2026!
Lok Sabha,District Authority Auditor,MALDAHA UTTAR,MALDAHA UTTAR,West Bengal,Khagen Murmu,District Authority Auditor,auditor_maldaha_uttar,Auditor@MaldahaUttar2026!
Lok Sabha,Member of Parliament (Lok Sabha),MALDAHA UTTAR,MALDAHA UTTAR,West Bengal,Khagen Murmu,Member of Parliament,mp_maldaha_uttar,MP@MaldahaUttar2026!
Lok Sabha,District Authority Auditor,MALKAJGIRI,MALKAJGIRI,Telangana,EATALA RAJENDER,District Authority Auditor,auditor_malkajgiri,Auditor@Malkajgiri2026!
Lok Sabha,Member of Parliament (Lok Sabha),MALKAJGIRI,MALKAJGIRI,Telangana,EATALA RAJENDER,Member of Parliament,mp_malkajgiri,MP@Malkajgiri2026!
Lok Sabha,District Authority Auditor,MANDI,MANDI,Himachal Pradesh,Kangana Ranaut,District Authority Auditor,auditor_mandi,Auditor@Mandi2026!
Lok Sabha,Member of Parliament (Lok Sabha),MANDI,MANDI,Himachal Pradesh,Kangana Ranaut,Member of Parliament,mp_mandi,MP@Mandi2026!
Lok Sabha,District Authority Auditor,MANDLA(ST),MANDLA(ST),Madhya Pradesh,Faggan Singh Kulaste,District Authority Auditor,auditor_mandla,Auditor@Mandla2026!
Lok Sabha,Member of Parliament (Lok Sabha),MANDLA(ST),MANDLA(ST),Madhya Pradesh,Faggan Singh Kulaste,Member of Parliament,mp_mandla,MP@Mandla2026!
Lok Sabha,District Authority Auditor,MANDSOUR,MANDSOUR,Madhya Pradesh,Shri Sudheer Gupta,District Authority Auditor,auditor_mandsour,Auditor@Mandsour2026!
Lok Sabha,Member of Parliament (Lok Sabha),MANDSOUR,MANDSOUR,Madhya Pradesh,Shri Sudheer Gupta,Member of Parliament,mp_mandsour,MP@Mandsour2026!
Lok Sabha,District Authority Auditor,MANDYA,MANDYA,Karnataka,H.D. KUMARASWAMY,District Authority Auditor,auditor_mandya,Auditor@Mandya2026!
Lok Sabha,Member of Parliament (Lok Sabha),MANDYA,MANDYA,Karnataka,H.D. KUMARASWAMY,Member of Parliament,mp_mandya,MP@Mandya2026!
Lok Sabha,District Authority Auditor,MATHURA,MATHURA,Uttar Pradesh,Smt Hema Malini,District Authority Auditor,auditor_mathura,Auditor@Mathura2026!
Lok Sabha,Member of Parliament (Lok Sabha),MATHURA,MATHURA,Uttar Pradesh,Smt Hema Malini,Member of Parliament,mp_mathura,MP@Mathura2026!
Lok Sabha,District Authority Auditor,MATHURAPUR(SC),MATHURAPUR(SC),West Bengal,BAPI HALDAR,District Authority Auditor,auditor_mathurapur,Auditor@Mathurapur2026!
Lok Sabha,Member of Parliament (Lok Sabha),MATHURAPUR(SC),MATHURAPUR(SC),West Bengal,BAPI HALDAR,Member of Parliament,mp_mathurapur,MP@Mathurapur2026!
Lok Sabha,District Authority Auditor,MAVAL,MAVAL,Maharashtra,Shrirang Appa Barne,District Authority Auditor,auditor_maval,Auditor@Maval2026!
Lok Sabha,Member of Parliament (Lok Sabha),MAVAL,MAVAL,Maharashtra,Shrirang Appa Barne,Member of Parliament,mp_maval,MP@Maval2026!
Lok Sabha,District Authority Auditor,MAVELIKKARA(SC),MAVELIKKARA(SC),Kerala,Shri Suresh Kodikunnil,District Authority Auditor,auditor_mavelikkara,Auditor@Mavelikkara2026!
Lok Sabha,Member of Parliament (Lok Sabha),MAVELIKKARA(SC),MAVELIKKARA(SC),Kerala,Shri Suresh Kodikunnil,Member of Parliament,mp_mavelikkara,MP@Mavelikkara2026!
Lok Sabha,District Authority Auditor,MAYILADUTHURAI,MAYILADUTHURAI,Tamil Nadu,SUDHA R,District Authority Auditor,auditor_mayiladuthurai,Auditor@Mayiladuthur2026!
Lok Sabha,Member of Parliament (Lok Sabha),MAYILADUTHURAI,MAYILADUTHURAI,Tamil Nadu,SUDHA R,Member of Parliament,mp_mayiladuthurai,MP@Mayiladuthur2026!
Lok Sabha,District Authority Auditor,MAYURBHANJ (ST),MAYURBHANJ (ST),Odisha,NABA CHARAN MAJHI,District Authority Auditor,auditor_mayurbhanj,Auditor@Mayurbhanj2026!
Lok Sabha,Member of Parliament (Lok Sabha),MAYURBHANJ (ST),MAYURBHANJ (ST),Odisha,NABA CHARAN MAJHI,Member of Parliament,mp_mayurbhanj,MP@Mayurbhanj2026!
Lok Sabha,District Authority Auditor,MEDAK,MEDAK,Telangana,MADHAVANENI RAGHUNANDAN RAO,District Authority Auditor,auditor_medak,Auditor@Medak2026!
Lok Sabha,Member of Parliament (Lok Sabha),MEDAK,MEDAK,Telangana,MADHAVANENI RAGHUNANDAN RAO,Member of Parliament,mp_medak,MP@Medak2026!
Lok Sabha,District Authority Auditor,MEDINIPUR,MEDINIPUR,West Bengal,JUNE MALIAH,District Authority Auditor,auditor_medinipur,Auditor@Medinipur2026!
Lok Sabha,Member of Parliament (Lok Sabha),MEDINIPUR,MEDINIPUR,West Bengal,JUNE MALIAH,Member of Parliament,mp_medinipur,MP@Medinipur2026!
Lok Sabha,District Authority Auditor,MEERUT,MEERUT,Uttar Pradesh,ARUN GOVIL,District Authority Auditor,auditor_meerut,Auditor@Meerut2026!
Lok Sabha,Member of Parliament (Lok Sabha),MEERUT,MEERUT,Uttar Pradesh,ARUN GOVIL,Member of Parliament,mp_meerut,MP@Meerut2026!
Lok Sabha,District Authority Auditor,MIRZAPUR,MIRZAPUR,Uttar Pradesh,Smt Anupriya Patel,District Authority Auditor,auditor_mirzapur,Auditor@Mirzapur2026!
Lok Sabha,Member of Parliament (Lok Sabha),MIRZAPUR,MIRZAPUR,Uttar Pradesh,Smt Anupriya Patel,Member of Parliament,mp_mirzapur,MP@Mirzapur2026!
Lok Sabha,District Authority Auditor,MISRIKH(SC),MISRIKH(SC),Uttar Pradesh,Ashok Kumar Rawat,District Authority Auditor,auditor_misrikh,Auditor@Misrikh2026!
Lok Sabha,Member of Parliament (Lok Sabha),MISRIKH(SC),MISRIKH(SC),Uttar Pradesh,Ashok Kumar Rawat,Member of Parliament,mp_misrikh,MP@Misrikh2026!
Lok Sabha,District Authority Auditor,MIZORAM (ST),MIZORAM (ST),Mizoram,RICHARD VANLALHMANGAIHA,District Authority Auditor,auditor_mizoram,Auditor@Mizoram2026!
Lok Sabha,Member of Parliament (Lok Sabha),MIZORAM (ST),MIZORAM (ST),Mizoram,RICHARD VANLALHMANGAIHA,Member of Parliament,mp_mizoram,MP@Mizoram2026!
Lok Sabha,District Authority Auditor,MOHANLALGANJ(SC),MOHANLALGANJ(SC),Uttar Pradesh,R.K. CHAUDHARY,District Authority Auditor,auditor_mohanlalganj,Auditor@Mohanlalganj2026!
Lok Sabha,Member of Parliament (Lok Sabha),MOHANLALGANJ(SC),MOHANLALGANJ(SC),Uttar Pradesh,R.K. CHAUDHARY,Member of Parliament,mp_mohanlalganj,MP@Mohanlalganj2026!
Lok Sabha,District Authority Auditor,MORADABAD,MORADABAD,Uttar Pradesh,RUCHI VIRA,District Authority Auditor,auditor_moradabad,Auditor@Moradabad2026!
Lok Sabha,Member of Parliament (Lok Sabha),MORADABAD,MORADABAD,Uttar Pradesh,RUCHI VIRA,Member of Parliament,mp_moradabad,MP@Moradabad2026!
Lok Sabha,District Authority Auditor,MORENA,MORENA,Madhya Pradesh,SHIVMANGAL SINGH TOMAR,District Authority Auditor,auditor_morena,Auditor@Morena2026!
Lok Sabha,Member of Parliament (Lok Sabha),MORENA,MORENA,Madhya Pradesh,SHIVMANGAL SINGH TOMAR,Member of Parliament,mp_morena,MP@Morena2026!
Lok Sabha,District Authority Auditor,MUMBAI NORTH,MUMBAI NORTH,Maharashtra,Piyush Vedprakash Goyal,District Authority Auditor,auditor_mumbai_north,Auditor@MumbaiNorth2026!
Lok Sabha,Member of Parliament (Lok Sabha),MUMBAI NORTH,MUMBAI NORTH,Maharashtra,Piyush Vedprakash Goyal,Member of Parliament,mp_mumbai_north,MP@MumbaiNorth2026!
Lok Sabha,District Authority Auditor,MUMBAI NORTH EAST,MUMBAI NORTH EAST,Maharashtra,SANJAY DINA PATIL,District Authority Auditor,auditor_mumbai_north_east,Auditor@MumbaiNorthE2026!
Lok Sabha,Member of Parliament (Lok Sabha),MUMBAI NORTH EAST,MUMBAI NORTH EAST,Maharashtra,SANJAY DINA PATIL,Member of Parliament,mp_mumbai_north_east,MP@MumbaiNorthE2026!
Lok Sabha,District Authority Auditor,MUMBAI NORTH WEST,MUMBAI NORTH WEST,Maharashtra,RAVINDRA DATTARAM WAIKAR,District Authority Auditor,auditor_mumbai_north_west,Auditor@MumbaiNorthW2026!
Lok Sabha,Member of Parliament (Lok Sabha),MUMBAI NORTH WEST,MUMBAI NORTH WEST,Maharashtra,RAVINDRA DATTARAM WAIKAR,Member of Parliament,mp_mumbai_north_west,MP@MumbaiNorthW2026!
Lok Sabha,District Authority Auditor,MUMBAI NORTH-CENTRAL,MUMBAI NORTH-CENTRAL,Maharashtra,GAIKWAD VARSHA EKNATH,District Authority Auditor,auditor_mumbai_north_central,Auditor@MumbaiNorthC2026!
Lok Sabha,Member of Parliament (Lok Sabha),MUMBAI NORTH-CENTRAL,MUMBAI NORTH-CENTRAL,Maharashtra,GAIKWAD VARSHA EKNATH,Member of Parliament,mp_mumbai_north_central,MP@MumbaiNorthC2026!
Lok Sabha,District Authority Auditor,MUMBAI SOUTH,MUMBAI SOUTH,Maharashtra,Arvind Ganpat Sawant,District Authority Auditor,auditor_mumbai_south,Auditor@MumbaiSouth2026!
Lok Sabha,Member of Parliament (Lok Sabha),MUMBAI SOUTH,MUMBAI SOUTH,Maharashtra,Arvind Ganpat Sawant,Member of Parliament,mp_mumbai_south,MP@MumbaiSouth2026!
Lok Sabha,District Authority Auditor,MUMBAI SOUTH CENTRAL,MUMBAI SOUTH CENTRAL,Maharashtra,ANIL YESHWANT DESAI,District Authority Auditor,auditor_mumbai_south_central,Auditor@MumbaiSouthC2026!
Lok Sabha,Member of Parliament (Lok Sabha),MUMBAI SOUTH CENTRAL,MUMBAI SOUTH CENTRAL,Maharashtra,ANIL YESHWANT DESAI,Member of Parliament,mp_mumbai_south_central,MP@MumbaiSouthC2026!
Lok Sabha,District Authority Auditor,MUNGER,MUNGER,Bihar,Rajiv Ranjan (Lalan) Singh,District Authority Auditor,auditor_munger,Auditor@Munger2026!
Lok Sabha,Member of Parliament (Lok Sabha),MUNGER,MUNGER,Bihar,Rajiv Ranjan (Lalan) Singh,Member of Parliament,mp_munger,MP@Munger2026!
Lok Sabha,District Authority Auditor,MURSHIDABAD,MURSHIDABAD,West Bengal,Abu Taher Khan,District Authority Auditor,auditor_murshidabad,Auditor@Murshidabad2026!
Lok Sabha,Member of Parliament (Lok Sabha),MURSHIDABAD,MURSHIDABAD,West Bengal,Abu Taher Khan,Member of Parliament,mp_murshidabad,MP@Murshidabad2026!
Lok Sabha,District Authority Auditor,MUZAFFARNAGAR,MUZAFFARNAGAR,Uttar Pradesh,HARENDRA SINGH MALIK,District Authority Auditor,auditor_muzaffarnagar,Auditor@Muzaffarnaga2026!
Lok Sabha,Member of Parliament (Lok Sabha),MUZAFFARNAGAR,MUZAFFARNAGAR,Uttar Pradesh,HARENDRA SINGH MALIK,Member of Parliament,mp_muzaffarnagar,MP@Muzaffarnaga2026!
Lok Sabha,District Authority Auditor,MUZAFFARPUR,MUZAFFARPUR,Bihar,RAJ BHUSHAN CHOUDHARY,District Authority Auditor,auditor_muzaffarpur,Auditor@Muzaffarpur2026!
Lok Sabha,Member of Parliament (Lok Sabha),MUZAFFARPUR,MUZAFFARPUR,Bihar,RAJ BHUSHAN CHOUDHARY,Member of Parliament,mp_muzaffarpur,MP@Muzaffarpur2026!
Lok Sabha,District Authority Auditor,MYSORE,MYSORE,Karnataka,YADUVEER KRISHNADATTA CHAMARAJA WADIYAR,District Authority Auditor,auditor_mysore,Auditor@Mysore2026!
Lok Sabha,Member of Parliament (Lok Sabha),MYSORE,MYSORE,Karnataka,YADUVEER KRISHNADATTA CHAMARAJA WADIYAR,Member of Parliament,mp_mysore,MP@Mysore2026!
Lok Sabha,District Authority Auditor,NABARANGPUR(ST),NABARANGPUR(ST),Odisha,BALABHADRA MAJHI,District Authority Auditor,auditor_nabarangpur,Auditor@Nabarangpur2026!
Lok Sabha,Member of Parliament (Lok Sabha),NABARANGPUR(ST),NABARANGPUR(ST),Odisha,BALABHADRA MAJHI,Member of Parliament,mp_nabarangpur,MP@Nabarangpur2026!
Lok Sabha,District Authority Auditor,NAGALAND,NAGALAND,Nagaland,S SUPONGMEREN JAMIR,District Authority Auditor,auditor_nagaland,Auditor@Nagaland2026!
Lok Sabha,Member of Parliament (Lok Sabha),NAGALAND,NAGALAND,Nagaland,S SUPONGMEREN JAMIR,Member of Parliament,mp_nagaland,MP@Nagaland2026!
Lok Sabha,District Authority Auditor,NAGAPATTINAM(SC),NAGAPATTINAM(SC),Tamil Nadu,SELVARAJ V,District Authority Auditor,auditor_nagapattinam,Auditor@Nagapattinam2026!
Lok Sabha,Member of Parliament (Lok Sabha),NAGAPATTINAM(SC),NAGAPATTINAM(SC),Tamil Nadu,SELVARAJ V,Member of Parliament,mp_nagapattinam,MP@Nagapattinam2026!
Lok Sabha,District Authority Auditor,NAGARKURNOOL(SC),NAGARKURNOOL(SC),Telangana,DR.MALLU RAVI,District Authority Auditor,auditor_nagarkurnool,Auditor@Nagarkurnool2026!
Lok Sabha,Member of Parliament (Lok Sabha),NAGARKURNOOL(SC),NAGARKURNOOL(SC),Telangana,DR.MALLU RAVI,Member of Parliament,mp_nagarkurnool,MP@Nagarkurnool2026!
Lok Sabha,District Authority Auditor,NAGAUR,NAGAUR,Rajasthan,Shri Hanuman Beniwal,District Authority Auditor,auditor_nagaur,Auditor@Nagaur2026!
Lok Sabha,Member of Parliament (Lok Sabha),NAGAUR,NAGAUR,Rajasthan,Shri Hanuman Beniwal,Member of Parliament,mp_nagaur,MP@Nagaur2026!
Lok Sabha,District Authority Auditor,NAGINA(SC),NAGINA(SC),Uttar Pradesh,CHANDRA SHEKHAR,District Authority Auditor,auditor_nagina,Auditor@Nagina2026!
Lok Sabha,Member of Parliament (Lok Sabha),NAGINA(SC),NAGINA(SC),Uttar Pradesh,CHANDRA SHEKHAR,Member of Parliament,mp_nagina,MP@Nagina2026!
Lok Sabha,District Authority Auditor,NAGPUR,NAGPUR,Maharashtra,Nitin Jairam Gadkari,District Authority Auditor,auditor_nagpur,Auditor@Nagpur2026!
Lok Sabha,Member of Parliament (Lok Sabha),NAGPUR,NAGPUR,Maharashtra,Nitin Jairam Gadkari,Member of Parliament,mp_nagpur,MP@Nagpur2026!
Lok Sabha,District Authority Auditor,NAINITAL UDHAM SINGH NAG.,NAINITAL UDHAM SINGH NAG.,Uttarakhand,Ajay Bhatt,District Authority Auditor,auditor_nainital_udham_singh_nag,Auditor@NainitalUdha2026!
Lok Sabha,Member of Parliament (Lok Sabha),NAINITAL UDHAM SINGH NAG.,NAINITAL UDHAM SINGH NAG.,Uttarakhand,Ajay Bhatt,Member of Parliament,mp_nainital_udham_singh_nag,MP@NainitalUdha2026!
Lok Sabha,District Authority Auditor,NALANDA,NALANDA,Bihar,Kaushalendra Kumar,District Authority Auditor,auditor_nalanda,Auditor@Nalanda2026!
Lok Sabha,Member of Parliament (Lok Sabha),NALANDA,NALANDA,Bihar,Kaushalendra Kumar,Member of Parliament,mp_nalanda,MP@Nalanda2026!
Lok Sabha,District Authority Auditor,NALGONDA,NALGONDA,Telangana,KUNDURU RAGHUVEER,District Authority Auditor,auditor_nalgonda,Auditor@Nalgonda2026!
Lok Sabha,Member of Parliament (Lok Sabha),NALGONDA,NALGONDA,Telangana,KUNDURU RAGHUVEER,Member of Parliament,mp_nalgonda,MP@Nalgonda2026!
Lok Sabha,District Authority Auditor,NAMAKKAL,NAMAKKAL,Tamil Nadu,V S Matheswaran,District Authority Auditor,auditor_namakkal,Auditor@Namakkal2026!
Lok Sabha,Member of Parliament (Lok Sabha),NAMAKKAL,NAMAKKAL,Tamil Nadu,V S Matheswaran,Member of Parliament,mp_namakkal,MP@Namakkal2026!
Lok Sabha,District Authority Auditor,NANDED,NANDED,Maharashtra,CHAVAN VASANTRAO BALWANTRAO,District Authority Auditor,auditor_nanded,Auditor@Nanded2026!
Lok Sabha,Member of Parliament (Lok Sabha),NANDED,NANDED,Maharashtra,CHAVAN VASANTRAO BALWANTRAO,Member of Parliament,mp_nanded,MP@Nanded2026!
Lok Sabha,District Authority Auditor,NANDURBAR(ST),NANDURBAR(ST),Maharashtra,ADV GOWAAL KAGADA PADAVI,District Authority Auditor,auditor_nandurbar,Auditor@Nandurbar2026!
Lok Sabha,Member of Parliament (Lok Sabha),NANDURBAR(ST),NANDURBAR(ST),Maharashtra,ADV GOWAAL KAGADA PADAVI,Member of Parliament,mp_nandurbar,MP@Nandurbar2026!
Lok Sabha,District Authority Auditor,NANDYAL,NANDYAL,Andhra Pradesh,DR BYREDDY SHABARI,District Authority Auditor,auditor_nandyal,Auditor@Nandyal2026!
Lok Sabha,Member of Parliament (Lok Sabha),NANDYAL,NANDYAL,Andhra Pradesh,DR BYREDDY SHABARI,Member of Parliament,mp_nandyal,MP@Nandyal2026!
Lok Sabha,District Authority Auditor,NARASAPURAM,NARASAPURAM,Andhra Pradesh,Bhupathiraju Srinivasa varma,District Authority Auditor,auditor_narasapuram,Auditor@Narasapuram2026!
Lok Sabha,Member of Parliament (Lok Sabha),NARASAPURAM,NARASAPURAM,Andhra Pradesh,Bhupathiraju Srinivasa varma,Member of Parliament,mp_narasapuram,MP@Narasapuram2026!
Lok Sabha,District Authority Auditor,NARASARAOPET,NARASARAOPET,Andhra Pradesh,Lavu Sri Krishna Devarayalu,District Authority Auditor,auditor_narasaraopet,Auditor@Narasaraopet2026!
Lok Sabha,Member of Parliament (Lok Sabha),NARASARAOPET,NARASARAOPET,Andhra Pradesh,Lavu Sri Krishna Devarayalu,Member of Parliament,mp_narasaraopet,MP@Narasaraopet2026!
Lok Sabha,District Authority Auditor,NASHIK,NASHIK,Maharashtra,RAJABHAU,District Authority Auditor,auditor_nashik,Auditor@Nashik2026!
Lok Sabha,Member of Parliament (Lok Sabha),NASHIK,NASHIK,Maharashtra,RAJABHAU,Member of Parliament,mp_nashik,MP@Nashik2026!
Lok Sabha,District Authority Auditor,NAVSARI,NAVSARI,Gujarat,C R Patil,District Authority Auditor,auditor_navsari,Auditor@Navsari2026!
Lok Sabha,Member of Parliament (Lok Sabha),NAVSARI,NAVSARI,Gujarat,C R Patil,Member of Parliament,mp_navsari,MP@Navsari2026!
Lok Sabha,District Authority Auditor,NAWADA,NAWADA,Bihar,VIVEK THAKUR,District Authority Auditor,auditor_nawada,Auditor@Nawada2026!
Lok Sabha,Member of Parliament (Lok Sabha),NAWADA,NAWADA,Bihar,VIVEK THAKUR,Member of Parliament,mp_nawada,MP@Nawada2026!
Lok Sabha,District Authority Auditor,NELLORE(SC),NELLORE(SC),Andhra Pradesh,PRABHAKAR REDDY VEMIREDDY,District Authority Auditor,auditor_nellore,Auditor@Nellore2026!
Lok Sabha,Member of Parliament (Lok Sabha),NELLORE(SC),NELLORE(SC),Andhra Pradesh,PRABHAKAR REDDY VEMIREDDY,Member of Parliament,mp_nellore,MP@Nellore2026!
Lok Sabha,District Authority Auditor,NEW DELHI,NEW DELHI,Delhi,Bansuri Swaraj,District Authority Auditor,auditor_new_delhi,Auditor@NewDelhi2026!
Lok Sabha,Member of Parliament (Lok Sabha),NEW DELHI,NEW DELHI,Delhi,Bansuri Swaraj,Member of Parliament,mp_new_delhi,MP@NewDelhi2026!
Lok Sabha,District Authority Auditor,NILGIRIS(SC),NILGIRIS(SC),Tamil Nadu,Andimuthu Raja,District Authority Auditor,auditor_nilgiris,Auditor@Nilgiris2026!
Lok Sabha,Member of Parliament (Lok Sabha),NILGIRIS(SC),NILGIRIS(SC),Tamil Nadu,Andimuthu Raja,Member of Parliament,mp_nilgiris,MP@Nilgiris2026!
Lok Sabha,District Authority Auditor,NIZAMABAD,NIZAMABAD,Telangana,Arvind Dharmapuri,District Authority Auditor,auditor_nizamabad,Auditor@Nizamabad2026!
Lok Sabha,Member of Parliament (Lok Sabha),NIZAMABAD,NIZAMABAD,Telangana,Arvind Dharmapuri,Member of Parliament,mp_nizamabad,MP@Nizamabad2026!
Lok Sabha,District Authority Auditor,NORTH EAST DELHI,NORTH EAST DELHI,Delhi,Manoj Tiwari,District Authority Auditor,auditor_north_east_delhi,Auditor@NorthEastDel2026!
Lok Sabha,Member of Parliament (Lok Sabha),NORTH EAST DELHI,NORTH EAST DELHI,Delhi,Manoj Tiwari,Member of Parliament,mp_north_east_delhi,MP@NorthEastDel2026!
Lok Sabha,District Authority Auditor,NORTH GOA,NORTH GOA,Goa,Shripad Yesso Naik,District Authority Auditor,auditor_north_goa,Auditor@NorthGoa2026!
Lok Sabha,Member of Parliament (Lok Sabha),NORTH GOA,NORTH GOA,Goa,Shripad Yesso Naik,Member of Parliament,mp_north_goa,MP@NorthGoa2026!
Lok Sabha,District Authority Auditor,NORTH WEST DELHI(SC),NORTH WEST DELHI(SC),Delhi,Yogendra Chandoliya,District Authority Auditor,auditor_north_west_delhi,Auditor@NorthWestDel2026!
Lok Sabha,Member of Parliament (Lok Sabha),NORTH WEST DELHI(SC),NORTH WEST DELHI(SC),Delhi,Yogendra Chandoliya,Member of Parliament,mp_north_west_delhi,MP@NorthWestDel2026!
Lok Sabha,District Authority Auditor,NOWGONG,NOWGONG,Assam,Pradyut Bordoloi,District Authority Auditor,auditor_nowgong,Auditor@Nowgong2026!
Lok Sabha,Member of Parliament (Lok Sabha),NOWGONG,NOWGONG,Assam,Pradyut Bordoloi,Member of Parliament,mp_nowgong,MP@Nowgong2026!
Lok Sabha,District Authority Auditor,ONGOLE,ONGOLE,Andhra Pradesh,Magunta Sreenivasulu Reddy,District Authority Auditor,auditor_ongole,Auditor@Ongole2026!
Lok Sabha,Member of Parliament (Lok Sabha),ONGOLE,ONGOLE,Andhra Pradesh,Magunta Sreenivasulu Reddy,Member of Parliament,mp_ongole,MP@Ongole2026!
Lok Sabha,District Authority Auditor,OSMANABAD,OSMANABAD,Maharashtra,Omprakash Bhupalsinh Alias Pawan Rajenimbalkar,District Authority Auditor,auditor_osmanabad,Auditor@Osmanabad2026!
Lok Sabha,Member of Parliament (Lok Sabha),OSMANABAD,OSMANABAD,Maharashtra,Omprakash Bhupalsinh Alias Pawan Rajenimbalkar,Member of Parliament,mp_osmanabad,MP@Osmanabad2026!
Lok Sabha,District Authority Auditor,OUTER MANIPUR(ST),OUTER MANIPUR(ST),Manipur,ALFRED KANNGAM S ARTHUR,District Authority Auditor,auditor_outer_manipur,Auditor@OuterManipur2026!
Lok Sabha,Member of Parliament (Lok Sabha),OUTER MANIPUR(ST),OUTER MANIPUR(ST),Manipur,ALFRED KANNGAM S ARTHUR,Member of Parliament,mp_outer_manipur,MP@OuterManipur2026!
Lok Sabha,District Authority Auditor,PALAKKAD,PALAKKAD,Kerala,Vellalath Kochukrishnan Nair Sreekandan,District Authority Auditor,auditor_palakkad,Auditor@Palakkad2026!
Lok Sabha,Member of Parliament (Lok Sabha),PALAKKAD,PALAKKAD,Kerala,Vellalath Kochukrishnan Nair Sreekandan,Member of Parliament,mp_palakkad,MP@Palakkad2026!
Lok Sabha,District Authority Auditor,PALAMU(SC),PALAMU(SC),Jharkhand,Vishnu Dayal Ram,District Authority Auditor,auditor_palamu,Auditor@Palamu2026!
Lok Sabha,Member of Parliament (Lok Sabha),PALAMU(SC),PALAMU(SC),Jharkhand,Vishnu Dayal Ram,Member of Parliament,mp_palamu,MP@Palamu2026!
Lok Sabha,District Authority Auditor,PALGHAR(ST),PALGHAR(ST),Maharashtra,DR. HEMANT VISHNU SAVARA,District Authority Auditor,auditor_palghar,Auditor@Palghar2026!
Lok Sabha,Member of Parliament (Lok Sabha),PALGHAR(ST),PALGHAR(ST),Maharashtra,DR. HEMANT VISHNU SAVARA,Member of Parliament,mp_palghar,MP@Palghar2026!
Lok Sabha,District Authority Auditor,PALI,PALI,Rajasthan,Shri PP Chaudhary,District Authority Auditor,auditor_pali,Auditor@Pali2026!
Lok Sabha,Member of Parliament (Lok Sabha),PALI,PALI,Rajasthan,Shri PP Chaudhary,Member of Parliament,mp_pali,MP@Pali2026!
Lok Sabha,District Authority Auditor,PANCHMAHAL,PANCHMAHAL,Gujarat,RAJPALSINH MAHENDRASINH JADAV,District Authority Auditor,auditor_panchmahal,Auditor@Panchmahal2026!
Lok Sabha,Member of Parliament (Lok Sabha),PANCHMAHAL,PANCHMAHAL,Gujarat,RAJPALSINH MAHENDRASINH JADAV,Member of Parliament,mp_panchmahal,MP@Panchmahal2026!
Lok Sabha,District Authority Auditor,PARBHANI,PARBHANI,Maharashtra,Sanjay Haribhau Jadhav,District Authority Auditor,auditor_parbhani,Auditor@Parbhani2026!
Lok Sabha,Member of Parliament (Lok Sabha),PARBHANI,PARBHANI,Maharashtra,Sanjay Haribhau Jadhav,Member of Parliament,mp_parbhani,MP@Parbhani2026!
Lok Sabha,District Authority Auditor,PASCHIM CHAMPARAN,PASCHIM CHAMPARAN,Bihar,Sanjay Jaiswal,District Authority Auditor,auditor_paschim_champaran,Auditor@PaschimChamp2026!
Lok Sabha,Member of Parliament (Lok Sabha),PASCHIM CHAMPARAN,PASCHIM CHAMPARAN,Bihar,Sanjay Jaiswal,Member of Parliament,mp_paschim_champaran,MP@PaschimChamp2026!
Lok Sabha,District Authority Auditor,PATALIPUTRA,PATALIPUTRA,Bihar,MISHA BHARTI,District Authority Auditor,auditor_pataliputra,Auditor@Pataliputra2026!
Lok Sabha,Member of Parliament (Lok Sabha),PATALIPUTRA,PATALIPUTRA,Bihar,MISHA BHARTI,Member of Parliament,mp_pataliputra,MP@Pataliputra2026!
Lok Sabha,District Authority Auditor,PATAN,PATAN,Gujarat,Bharatsinhji Shankarji Dabhi,District Authority Auditor,auditor_patan,Auditor@Patan2026!
Lok Sabha,Member of Parliament (Lok Sabha),PATAN,PATAN,Gujarat,Bharatsinhji Shankarji Dabhi,Member of Parliament,mp_patan,MP@Patan2026!
Lok Sabha,District Authority Auditor,PATHANAMTHITTA,PATHANAMTHITTA,Kerala,Anto Antony,District Authority Auditor,auditor_pathanamthitta,Auditor@Pathanamthit2026!
Lok Sabha,Member of Parliament (Lok Sabha),PATHANAMTHITTA,PATHANAMTHITTA,Kerala,Anto Antony,Member of Parliament,mp_pathanamthitta,MP@Pathanamthit2026!
Lok Sabha,District Authority Auditor,PATIALA,PATIALA,Punjab,DR DHARAMVIRA GANDHI,District Authority Auditor,auditor_patiala,Auditor@Patiala2026!
Lok Sabha,Member of Parliament (Lok Sabha),PATIALA,PATIALA,Punjab,DR DHARAMVIRA GANDHI,Member of Parliament,mp_patiala,MP@Patiala2026!
Lok Sabha,District Authority Auditor,PATNA SAHIB,PATNA SAHIB,Bihar,Ravi Shankar Prasad,District Authority Auditor,auditor_patna_sahib,Auditor@PatnaSahib2026!
Lok Sabha,Member of Parliament (Lok Sabha),PATNA SAHIB,PATNA SAHIB,Bihar,Ravi Shankar Prasad,Member of Parliament,mp_patna_sahib,MP@PatnaSahib2026!
Lok Sabha,District Authority Auditor,PEDDAPALLE,PEDDAPALLE,Telangana,VAMSI KRISHNA GADDAM,District Authority Auditor,auditor_peddapalle,Auditor@Peddapalle2026!
Lok Sabha,Member of Parliament (Lok Sabha),PEDDAPALLE,PEDDAPALLE,Telangana,VAMSI KRISHNA GADDAM,Member of Parliament,mp_peddapalle,MP@Peddapalle2026!
Lok Sabha,District Authority Auditor,PERAMBALUR,PERAMBALUR,Tamil Nadu,ARUN NEHRU,District Authority Auditor,auditor_perambalur,Auditor@Perambalur2026!
Lok Sabha,Member of Parliament (Lok Sabha),PERAMBALUR,PERAMBALUR,Tamil Nadu,ARUN NEHRU,Member of Parliament,mp_perambalur,MP@Perambalur2026!
Lok Sabha,District Authority Auditor,PHULPUR,PHULPUR,Uttar Pradesh,PRAVEEN PATEL,District Authority Auditor,auditor_phulpur,Auditor@Phulpur2026!
Lok Sabha,Member of Parliament (Lok Sabha),PHULPUR,PHULPUR,Uttar Pradesh,PRAVEEN PATEL,Member of Parliament,mp_phulpur,MP@Phulpur2026!
Lok Sabha,District Authority Auditor,PILIBHIT,PILIBHIT,Uttar Pradesh,JITIN PRASADA,District Authority Auditor,auditor_pilibhit,Auditor@Pilibhit2026!
Lok Sabha,Member of Parliament (Lok Sabha),PILIBHIT,PILIBHIT,Uttar Pradesh,JITIN PRASADA,Member of Parliament,mp_pilibhit,MP@Pilibhit2026!
Lok Sabha,District Authority Auditor,POLLACHI,POLLACHI,Tamil Nadu,ESWARASAMY K,District Authority Auditor,auditor_pollachi,Auditor@Pollachi2026!
Lok Sabha,Member of Parliament (Lok Sabha),POLLACHI,POLLACHI,Tamil Nadu,ESWARASAMY K,Member of Parliament,mp_pollachi,MP@Pollachi2026!
Lok Sabha,District Authority Auditor,PONNANI,PONNANI,Kerala,DR. M.P ABDUSSAMAD SAMADANI,District Authority Auditor,auditor_ponnani,Auditor@Ponnani2026!
Lok Sabha,Member of Parliament (Lok Sabha),PONNANI,PONNANI,Kerala,DR. M.P ABDUSSAMAD SAMADANI,Member of Parliament,mp_ponnani,MP@Ponnani2026!
Lok Sabha,District Authority Auditor,PORBANDAR,PORBANDAR,Gujarat,DR. MANSUKH MANDAVIYA,District Authority Auditor,auditor_porbandar,Auditor@Porbandar2026!
Lok Sabha,Member of Parliament (Lok Sabha),PORBANDAR,PORBANDAR,Gujarat,DR. MANSUKH MANDAVIYA,Member of Parliament,mp_porbandar,MP@Porbandar2026!
Lok Sabha,District Authority Auditor,PRATAPGARH,PRATAPGARH,Uttar Pradesh,DR. S P SINGH,District Authority Auditor,auditor_pratapgarh,Auditor@Pratapgarh2026!
Lok Sabha,Member of Parliament (Lok Sabha),PRATAPGARH,PRATAPGARH,Uttar Pradesh,DR. S P SINGH,Member of Parliament,mp_pratapgarh,MP@Pratapgarh2026!
Lok Sabha,District Authority Auditor,PUNE,PUNE,Maharashtra,MURLIDHAR MOHOL,District Authority Auditor,auditor_pune,Auditor@Pune2026!
Lok Sabha,Member of Parliament (Lok Sabha),PUNE,PUNE,Maharashtra,MURLIDHAR MOHOL,Member of Parliament,mp_pune,MP@Pune2026!
Lok Sabha,District Authority Auditor,PURI,PURI,Odisha,SAMBIT PATRA,District Authority Auditor,auditor_puri,Auditor@Puri2026!
Lok Sabha,Member of Parliament (Lok Sabha),PURI,PURI,Odisha,SAMBIT PATRA,Member of Parliament,mp_puri,MP@Puri2026!
Lok Sabha,District Authority Auditor,PURNEA,PURNEA,Bihar,RAJESH RANJAN ALIAS PAPPU YADAV,District Authority Auditor,auditor_purnea,Auditor@Purnea2026!
Lok Sabha,Member of Parliament (Lok Sabha),PURNEA,PURNEA,Bihar,RAJESH RANJAN ALIAS PAPPU YADAV,Member of Parliament,mp_purnea,MP@Purnea2026!
Lok Sabha,District Authority Auditor,PURULIA,PURULIA,West Bengal,Shri Jyotirmay Singh Mahato,District Authority Auditor,auditor_purulia,Auditor@Purulia2026!
Lok Sabha,Member of Parliament (Lok Sabha),PURULIA,PURULIA,West Bengal,Shri Jyotirmay Singh Mahato,Member of Parliament,mp_purulia,MP@Purulia2026!
Lok Sabha,District Authority Auditor,PURVI CHAMPARAN,PURVI CHAMPARAN,Bihar,Radha Mohan Singh,District Authority Auditor,auditor_purvi_champaran,Auditor@PurviChampar2026!
Lok Sabha,Member of Parliament (Lok Sabha),PURVI CHAMPARAN,PURVI CHAMPARAN,Bihar,Radha Mohan Singh,Member of Parliament,mp_purvi_champaran,MP@PurviChampar2026!
Lok Sabha,District Authority Auditor,Puducherry,Puducherry,Puducherry,Vaithilingam Ve,District Authority Auditor,auditor_puducherry,Auditor@Puducherry2026!
Lok Sabha,Member of Parliament (Lok Sabha),Puducherry,Puducherry,Puducherry,Vaithilingam Ve,Member of Parliament,mp_puducherry,MP@Puducherry2026!
Lok Sabha,District Authority Auditor,RAE BARELI,RAE BARELI,Uttar Pradesh,RAHUL GANDHI,District Authority Auditor,auditor_rae_bareli,Auditor@RaeBareli2026!
Lok Sabha,Member of Parliament (Lok Sabha),RAE BARELI,RAE BARELI,Uttar Pradesh,RAHUL GANDHI,Member of Parliament,mp_rae_bareli,MP@RaeBareli2026!
Lok Sabha,District Authority Auditor,RAICHUR(ST),RAICHUR(ST),Karnataka,G. KUMAR NAIK,District Authority Auditor,auditor_raichur,Auditor@Raichur2026!
Lok Sabha,Member of Parliament (Lok Sabha),RAICHUR(ST),RAICHUR(ST),Karnataka,G. KUMAR NAIK,Member of Parliament,mp_raichur,MP@Raichur2026!
Lok Sabha,District Authority Auditor,RAIGAD,RAIGAD,Maharashtra,Sunil Dattatray Tatkare,District Authority Auditor,auditor_raigad,Auditor@Raigad2026!
Lok Sabha,Member of Parliament (Lok Sabha),RAIGAD,RAIGAD,Maharashtra,Sunil Dattatray Tatkare,Member of Parliament,mp_raigad,MP@Raigad2026!
Lok Sabha,District Authority Auditor,RAIGANJ,RAIGANJ,West Bengal,KARTICK CHANDRA PAUL,District Authority Auditor,auditor_raiganj,Auditor@Raiganj2026!
Lok Sabha,Member of Parliament (Lok Sabha),RAIGANJ,RAIGANJ,West Bengal,KARTICK CHANDRA PAUL,Member of Parliament,mp_raiganj,MP@Raiganj2026!
Lok Sabha,District Authority Auditor,RAIGARH(ST),RAIGARH(ST),Chhattisgarh,RADHE SHYAM RATHIYA,District Authority Auditor,auditor_raigarh,Auditor@Raigarh2026!
Lok Sabha,Member of Parliament (Lok Sabha),RAIGARH(ST),RAIGARH(ST),Chhattisgarh,RADHE SHYAM RATHIYA,Member of Parliament,mp_raigarh,MP@Raigarh2026!
Lok Sabha,District Authority Auditor,RAIPUR,RAIPUR,Chhattisgarh,BRIJMOHAN AGRAWAL,District Authority Auditor,auditor_raipur,Auditor@Raipur2026!
Lok Sabha,Member of Parliament (Lok Sabha),RAIPUR,RAIPUR,Chhattisgarh,BRIJMOHAN AGRAWAL,Member of Parliament,mp_raipur,MP@Raipur2026!
Lok Sabha,District Authority Auditor,RAJAHMUNDRY,RAJAHMUNDRY,Andhra Pradesh,Daggubati Purandeshwari,District Authority Auditor,auditor_rajahmundry,Auditor@Rajahmundry2026!
Lok Sabha,Member of Parliament (Lok Sabha),RAJAHMUNDRY,RAJAHMUNDRY,Andhra Pradesh,Daggubati Purandeshwari,Member of Parliament,mp_rajahmundry,MP@Rajahmundry2026!
Lok Sabha,District Authority Auditor,RAJAMPET,RAJAMPET,Andhra Pradesh,Midhun Reddy,District Authority Auditor,auditor_rajampet,Auditor@Rajampet2026!
Lok Sabha,Member of Parliament (Lok Sabha),RAJAMPET,RAJAMPET,Andhra Pradesh,Midhun Reddy,Member of Parliament,mp_rajampet,MP@Rajampet2026!
Lok Sabha,District Authority Auditor,RAJGARH,RAJGARH,Madhya Pradesh,Rodmal Nagar,District Authority Auditor,auditor_rajgarh,Auditor@Rajgarh2026!
Lok Sabha,Member of Parliament (Lok Sabha),RAJGARH,RAJGARH,Madhya Pradesh,Rodmal Nagar,Member of Parliament,mp_rajgarh,MP@Rajgarh2026!
Lok Sabha,District Authority Auditor,RAJKOT,RAJKOT,Gujarat,PARSHOTTAMBHAI RUPALA,District Authority Auditor,auditor_rajkot,Auditor@Rajkot2026!
Lok Sabha,Member of Parliament (Lok Sabha),RAJKOT,RAJKOT,Gujarat,PARSHOTTAMBHAI RUPALA,Member of Parliament,mp_rajkot,MP@Rajkot2026!
Lok Sabha,District Authority Auditor,RAJMAHAL(ST),RAJMAHAL(ST),Jharkhand,Vijay Kumar Hansdak,District Authority Auditor,auditor_rajmahal,Auditor@Rajmahal2026!
Lok Sabha,Member of Parliament (Lok Sabha),RAJMAHAL(ST),RAJMAHAL(ST),Jharkhand,Vijay Kumar Hansdak,Member of Parliament,mp_rajmahal,MP@Rajmahal2026!
Lok Sabha,District Authority Auditor,RAJNANDGAON,RAJNANDGAON,Chhattisgarh,Santosh Pandey,District Authority Auditor,auditor_rajnandgaon,Auditor@Rajnandgaon2026!
Lok Sabha,Member of Parliament (Lok Sabha),RAJNANDGAON,RAJNANDGAON,Chhattisgarh,Santosh Pandey,Member of Parliament,mp_rajnandgaon,MP@Rajnandgaon2026!
Lok Sabha,District Authority Auditor,RAJSAMAND,RAJSAMAND,Rajasthan,MAHIMA KUMARI MEWAR,District Authority Auditor,auditor_rajsamand,Auditor@Rajsamand2026!
Lok Sabha,Member of Parliament (Lok Sabha),RAJSAMAND,RAJSAMAND,Rajasthan,MAHIMA KUMARI MEWAR,Member of Parliament,mp_rajsamand,MP@Rajsamand2026!
Lok Sabha,District Authority Auditor,RAMANATHAPURAM,RAMANATHAPURAM,Tamil Nadu,Kani K Navas,District Authority Auditor,auditor_ramanathapuram,Auditor@Ramanathapur2026!
Lok Sabha,Member of Parliament (Lok Sabha),RAMANATHAPURAM,RAMANATHAPURAM,Tamil Nadu,Kani K Navas,Member of Parliament,mp_ramanathapuram,MP@Ramanathapur2026!
Lok Sabha,District Authority Auditor,RAMPUR,RAMPUR,Uttar Pradesh,MOHIBBULLAH,District Authority Auditor,auditor_rampur,Auditor@Rampur2026!
Lok Sabha,Member of Parliament (Lok Sabha),RAMPUR,RAMPUR,Uttar Pradesh,MOHIBBULLAH,Member of Parliament,mp_rampur,MP@Rampur2026!
Lok Sabha,District Authority Auditor,RAMTEK(SC),RAMTEK(SC),Maharashtra,Shyamkumar,District Authority Auditor,auditor_ramtek,Auditor@Ramtek2026!
Lok Sabha,Member of Parliament (Lok Sabha),RAMTEK(SC),RAMTEK(SC),Maharashtra,Shyamkumar,Member of Parliament,mp_ramtek,MP@Ramtek2026!
Lok Sabha,District Authority Auditor,RANAGHAT(SC),RANAGHAT(SC),West Bengal,Jagannath Sarkar,District Authority Auditor,auditor_ranaghat,Auditor@Ranaghat2026!
Lok Sabha,Member of Parliament (Lok Sabha),RANAGHAT(SC),RANAGHAT(SC),West Bengal,Jagannath Sarkar,Member of Parliament,mp_ranaghat,MP@Ranaghat2026!
Lok Sabha,District Authority Auditor,RANCHI,RANCHI,Jharkhand,Sanjay Seth,District Authority Auditor,auditor_ranchi,Auditor@Ranchi2026!
Lok Sabha,Member of Parliament (Lok Sabha),RANCHI,RANCHI,Jharkhand,Sanjay Seth,Member of Parliament,mp_ranchi,MP@Ranchi2026!
Lok Sabha,District Authority Auditor,RATLAM(ST),RATLAM(ST),Madhya Pradesh,ANITA NAGARSINGH CHOUHAN,District Authority Auditor,auditor_ratlam,Auditor@Ratlam2026!
Lok Sabha,Member of Parliament (Lok Sabha),RATLAM(ST),RATLAM(ST),Madhya Pradesh,ANITA NAGARSINGH CHOUHAN,Member of Parliament,mp_ratlam,MP@Ratlam2026!
Lok Sabha,District Authority Auditor,RATNAGIRI-SINDHUDURG,RATNAGIRI-SINDHUDURG,Maharashtra,NARAYAN TATU RANE,District Authority Auditor,auditor_ratnagiri_sindhudurg,Auditor@RatnagiriSin2026!
Lok Sabha,Member of Parliament (Lok Sabha),RATNAGIRI-SINDHUDURG,RATNAGIRI-SINDHUDURG,Maharashtra,NARAYAN TATU RANE,Member of Parliament,mp_ratnagiri_sindhudurg,MP@RatnagiriSin2026!
Lok Sabha,District Authority Auditor,RAVER,RAVER,Maharashtra,Smt Raksha Nikhil Khadse,District Authority Auditor,auditor_raver,Auditor@Raver2026!
Lok Sabha,Member of Parliament (Lok Sabha),RAVER,RAVER,Maharashtra,Smt Raksha Nikhil Khadse,Member of Parliament,mp_raver,MP@Raver2026!
Lok Sabha,District Authority Auditor,REWA,REWA,Madhya Pradesh,Janardan Mishra,District Authority Auditor,auditor_rewa,Auditor@Rewa2026!
Lok Sabha,Member of Parliament (Lok Sabha),REWA,REWA,Madhya Pradesh,Janardan Mishra,Member of Parliament,mp_rewa,MP@Rewa2026!
Lok Sabha,District Authority Auditor,ROBERTSGANJ(SC),ROBERTSGANJ(SC),Uttar Pradesh,CHHOTELAL,District Authority Auditor,auditor_robertsganj,Auditor@Robertsganj2026!
Lok Sabha,Member of Parliament (Lok Sabha),ROBERTSGANJ(SC),ROBERTSGANJ(SC),Uttar Pradesh,CHHOTELAL,Member of Parliament,mp_robertsganj,MP@Robertsganj2026!
Lok Sabha,District Authority Auditor,ROHTAK,ROHTAK,Haryana,DEEPENDER SINGH HOODA,District Authority Auditor,auditor_rohtak,Auditor@Rohtak2026!
Lok Sabha,Member of Parliament (Lok Sabha),ROHTAK,ROHTAK,Haryana,DEEPENDER SINGH HOODA,Member of Parliament,mp_rohtak,MP@Rohtak2026!
Lok Sabha,District Authority Auditor,SABARKANTHA,SABARKANTHA,Gujarat,SHOBHANABEN MAHENDRASINH BARAIYA,District Authority Auditor,auditor_sabarkantha,Auditor@Sabarkantha2026!
Lok Sabha,Member of Parliament (Lok Sabha),SABARKANTHA,SABARKANTHA,Gujarat,SHOBHANABEN MAHENDRASINH BARAIYA,Member of Parliament,mp_sabarkantha,MP@Sabarkantha2026!
Lok Sabha,District Authority Auditor,SAGAR,SAGAR,Madhya Pradesh,DR. LATA WANKHEDE,District Authority Auditor,auditor_sagar,Auditor@Sagar2026!
Lok Sabha,Member of Parliament (Lok Sabha),SAGAR,SAGAR,Madhya Pradesh,DR. LATA WANKHEDE,Member of Parliament,mp_sagar,MP@Sagar2026!
Lok Sabha,District Authority Auditor,SAHARANPUR,SAHARANPUR,Uttar Pradesh,IMRAN MASOOD,District Authority Auditor,auditor_saharanpur,Auditor@Saharanpur2026!
Lok Sabha,Member of Parliament (Lok Sabha),SAHARANPUR,SAHARANPUR,Uttar Pradesh,IMRAN MASOOD,Member of Parliament,mp_saharanpur,MP@Saharanpur2026!
Lok Sabha,District Authority Auditor,SALEM,SALEM,Tamil Nadu,SELVAGANAPATHI T M,District Authority Auditor,auditor_salem,Auditor@Salem2026!
Lok Sabha,Member of Parliament (Lok Sabha),SALEM,SALEM,Tamil Nadu,SELVAGANAPATHI T M,Member of Parliament,mp_salem,MP@Salem2026!
Lok Sabha,District Authority Auditor,SALEMPUR,SALEMPUR,Uttar Pradesh,RAMASHANKAR RAJBHAR,District Authority Auditor,auditor_salempur,Auditor@Salempur2026!
Lok Sabha,Member of Parliament (Lok Sabha),SALEMPUR,SALEMPUR,Uttar Pradesh,RAMASHANKAR RAJBHAR,Member of Parliament,mp_salempur,MP@Salempur2026!
Lok Sabha,District Authority Auditor,SAMASTIPUR(SC),SAMASTIPUR(SC),Bihar,SHAMBHAVI,District Authority Auditor,auditor_samastipur,Auditor@Samastipur2026!
Lok Sabha,Member of Parliament (Lok Sabha),SAMASTIPUR(SC),SAMASTIPUR(SC),Bihar,SHAMBHAVI,Member of Parliament,mp_samastipur,MP@Samastipur2026!
Lok Sabha,District Authority Auditor,SAMBALPUR,SAMBALPUR,Odisha,DHARMENDRA PRADHAN,District Authority Auditor,auditor_sambalpur,Auditor@Sambalpur2026!
Lok Sabha,Member of Parliament (Lok Sabha),SAMBALPUR,SAMBALPUR,Odisha,DHARMENDRA PRADHAN,Member of Parliament,mp_sambalpur,MP@Sambalpur2026!
Lok Sabha,District Authority Auditor,SAMBHAL,SAMBHAL,Uttar Pradesh,ZIA UR REHMAN,District Authority Auditor,auditor_sambhal,Auditor@Sambhal2026!
Lok Sabha,Member of Parliament (Lok Sabha),SAMBHAL,SAMBHAL,Uttar Pradesh,ZIA UR REHMAN,Member of Parliament,mp_sambhal,MP@Sambhal2026!
Lok Sabha,District Authority Auditor,SANGLI,SANGLI,Maharashtra,VISHAL,District Authority Auditor,auditor_sangli,Auditor@Sangli2026!
Lok Sabha,Member of Parliament (Lok Sabha),SANGLI,SANGLI,Maharashtra,VISHAL,Member of Parliament,mp_sangli,MP@Sangli2026!
Lok Sabha,District Authority Auditor,SANGRUR,SANGRUR,Punjab,GURMEET SINGH MEET HAYER,District Authority Auditor,auditor_sangrur,Auditor@Sangrur2026!
Lok Sabha,Member of Parliament (Lok Sabha),SANGRUR,SANGRUR,Punjab,GURMEET SINGH MEET HAYER,Member of Parliament,mp_sangrur,MP@Sangrur2026!
Lok Sabha,District Authority Auditor,SANT KABIR NAGAR,SANT KABIR NAGAR,Uttar Pradesh,LAXMIKANT PAPPU NISHAD,District Authority Auditor,auditor_sant_kabir_nagar,Auditor@SantKabirNag2026!
Lok Sabha,Member of Parliament (Lok Sabha),SANT KABIR NAGAR,SANT KABIR NAGAR,Uttar Pradesh,LAXMIKANT PAPPU NISHAD,Member of Parliament,mp_sant_kabir_nagar,MP@SantKabirNag2026!
Lok Sabha,District Authority Auditor,SARAN,SARAN,Bihar,Rajiv Pratap Rudy,District Authority Auditor,auditor_saran,Auditor@Saran2026!
Lok Sabha,Member of Parliament (Lok Sabha),SARAN,SARAN,Bihar,Rajiv Pratap Rudy,Member of Parliament,mp_saran,MP@Saran2026!
Lok Sabha,District Authority Auditor,SARGUJA(ST),SARGUJA(ST),Chhattisgarh,CHINTAMANI MAHARAJ,District Authority Auditor,auditor_sarguja,Auditor@Sarguja2026!
Lok Sabha,Member of Parliament (Lok Sabha),SARGUJA(ST),SARGUJA(ST),Chhattisgarh,CHINTAMANI MAHARAJ,Member of Parliament,mp_sarguja,MP@Sarguja2026!
Lok Sabha,District Authority Auditor,SASARAM(SC),SASARAM(SC),Bihar,MANOJ KUMAR,District Authority Auditor,auditor_sasaram,Auditor@Sasaram2026!
Lok Sabha,Member of Parliament (Lok Sabha),SASARAM(SC),SASARAM(SC),Bihar,MANOJ KUMAR,Member of Parliament,mp_sasaram,MP@Sasaram2026!
Lok Sabha,District Authority Auditor,SATARA,SATARA,Maharashtra,SHRIMANT CHH UDAYANRAJE PRATAPSINHAMAHARAJ BHONSLE,District Authority Auditor,auditor_satara,Auditor@Satara2026!
Lok Sabha,Member of Parliament (Lok Sabha),SATARA,SATARA,Maharashtra,SHRIMANT CHH UDAYANRAJE PRATAPSINHAMAHARAJ BHONSLE,Member of Parliament,mp_satara,MP@Satara2026!
Lok Sabha,District Authority Auditor,SATNA,SATNA,Madhya Pradesh,Ganesh Singh,District Authority Auditor,auditor_satna,Auditor@Satna2026!
Lok Sabha,Member of Parliament (Lok Sabha),SATNA,SATNA,Madhya Pradesh,Ganesh Singh,Member of Parliament,mp_satna,MP@Satna2026!
Lok Sabha,District Authority Auditor,SECUNDERABAD,SECUNDERABAD,Telangana,Kishan Reddy Gangapuram,District Authority Auditor,auditor_secunderabad,Auditor@Secunderabad2026!
Lok Sabha,Member of Parliament (Lok Sabha),SECUNDERABAD,SECUNDERABAD,Telangana,Kishan Reddy Gangapuram,Member of Parliament,mp_secunderabad,MP@Secunderabad2026!
Lok Sabha,District Authority Auditor,SHAHDOL (ST),SHAHDOL (ST),Madhya Pradesh,Smt Himadri Singh,District Authority Auditor,auditor_shahdol,Auditor@Shahdol2026!
Lok Sabha,Member of Parliament (Lok Sabha),SHAHDOL (ST),SHAHDOL (ST),Madhya Pradesh,Smt Himadri Singh,Member of Parliament,mp_shahdol,MP@Shahdol2026!
Lok Sabha,District Authority Auditor,SHAHJAHANPUR(SC),SHAHJAHANPUR(SC),Uttar Pradesh,Shri Arun Kumar Sagar,District Authority Auditor,auditor_shahjahanpur,Auditor@Shahjahanpur2026!
Lok Sabha,Member of Parliament (Lok Sabha),SHAHJAHANPUR(SC),SHAHJAHANPUR(SC),Uttar Pradesh,Shri Arun Kumar Sagar,Member of Parliament,mp_shahjahanpur,MP@Shahjahanpur2026!
Lok Sabha,District Authority Auditor,SHEOHAR,SHEOHAR,Bihar,LOVELY ANAND,District Authority Auditor,auditor_sheohar,Auditor@Sheohar2026!
Lok Sabha,Member of Parliament (Lok Sabha),SHEOHAR,SHEOHAR,Bihar,LOVELY ANAND,Member of Parliament,mp_sheohar,MP@Sheohar2026!
Lok Sabha,District Authority Auditor,SHILLONG,SHILLONG,Meghalaya,ANDREW J. SYNGKON,District Authority Auditor,auditor_shillong,Auditor@Shillong2026!
Lok Sabha,Member of Parliament (Lok Sabha),SHILLONG,SHILLONG,Meghalaya,ANDREW J. SYNGKON,Member of Parliament,mp_shillong,MP@Shillong2026!
Lok Sabha,District Authority Auditor,SHIMLA (SC),SHIMLA (SC),Himachal Pradesh,Suresh Kumar Kashyap,District Authority Auditor,auditor_shimla,Auditor@Shimla2026!
Lok Sabha,Member of Parliament (Lok Sabha),SHIMLA (SC),SHIMLA (SC),Himachal Pradesh,Suresh Kumar Kashyap,Member of Parliament,mp_shimla,MP@Shimla2026!
Lok Sabha,District Authority Auditor,SHIMOGA,SHIMOGA,Karnataka,Shri B Y Raghavendra,District Authority Auditor,auditor_shimoga,Auditor@Shimoga2026!
Lok Sabha,Member of Parliament (Lok Sabha),SHIMOGA,SHIMOGA,Karnataka,Shri B Y Raghavendra,Member of Parliament,mp_shimoga,MP@Shimoga2026!
Lok Sabha,District Authority Auditor,SHIRDI(SC),SHIRDI(SC),Maharashtra,BHAUSAHEB RAJARAM WAKCHAURE,District Authority Auditor,auditor_shirdi,Auditor@Shirdi2026!
Lok Sabha,Member of Parliament (Lok Sabha),SHIRDI(SC),SHIRDI(SC),Maharashtra,BHAUSAHEB RAJARAM WAKCHAURE,Member of Parliament,mp_shirdi,MP@Shirdi2026!
Lok Sabha,District Authority Auditor,SHIRUR,SHIRUR,Maharashtra,Amol Ramsing Kolhe,District Authority Auditor,auditor_shirur,Auditor@Shirur2026!
Lok Sabha,Member of Parliament (Lok Sabha),SHIRUR,SHIRUR,Maharashtra,Amol Ramsing Kolhe,Member of Parliament,mp_shirur,MP@Shirur2026!
Lok Sabha,District Authority Auditor,SHRAWASTI,SHRAWASTI,Uttar Pradesh,Ram Shiromani,District Authority Auditor,auditor_shrawasti,Auditor@Shrawasti2026!
Lok Sabha,Member of Parliament (Lok Sabha),SHRAWASTI,SHRAWASTI,Uttar Pradesh,Ram Shiromani,Member of Parliament,mp_shrawasti,MP@Shrawasti2026!
Lok Sabha,District Authority Auditor,SIDHI,SIDHI,Madhya Pradesh,DR. RAJESH MISHRA,District Authority Auditor,auditor_sidhi,Auditor@Sidhi2026!
Lok Sabha,Member of Parliament (Lok Sabha),SIDHI,SIDHI,Madhya Pradesh,DR. RAJESH MISHRA,Member of Parliament,mp_sidhi,MP@Sidhi2026!
Lok Sabha,District Authority Auditor,SIKAR,SIKAR,Rajasthan,AMRARAM,District Authority Auditor,auditor_sikar,Auditor@Sikar2026!
Lok Sabha,Member of Parliament (Lok Sabha),SIKAR,SIKAR,Rajasthan,AMRARAM,Member of Parliament,mp_sikar,MP@Sikar2026!
Lok Sabha,District Authority Auditor,SIKKIM,SIKKIM,Sikkim,Indra Hang Subba,District Authority Auditor,auditor_sikkim,Auditor@Sikkim2026!
Lok Sabha,Member of Parliament (Lok Sabha),SIKKIM,SIKKIM,Sikkim,Indra Hang Subba,Member of Parliament,mp_sikkim,MP@Sikkim2026!
Lok Sabha,District Authority Auditor,SILCHAR,SILCHAR,Assam,PARIMAL SUKLABAIDYA,District Authority Auditor,auditor_silchar,Auditor@Silchar2026!
Lok Sabha,Member of Parliament (Lok Sabha),SILCHAR,SILCHAR,Assam,PARIMAL SUKLABAIDYA,Member of Parliament,mp_silchar,MP@Silchar2026!
Lok Sabha,District Authority Auditor,SINGHBHUM(ST),SINGHBHUM(ST),Jharkhand,JOBA MAJHI,District Authority Auditor,auditor_singhbhum,Auditor@Singhbhum2026!
Lok Sabha,Member of Parliament (Lok Sabha),SINGHBHUM(ST),SINGHBHUM(ST),Jharkhand,JOBA MAJHI,Member of Parliament,mp_singhbhum,MP@Singhbhum2026!
Lok Sabha,District Authority Auditor,SIRSA(SC),SIRSA(SC),Haryana,SELJA,District Authority Auditor,auditor_sirsa,Auditor@Sirsa2026!
Lok Sabha,Member of Parliament (Lok Sabha),SIRSA(SC),SIRSA(SC),Haryana,SELJA,Member of Parliament,mp_sirsa,MP@Sirsa2026!
Lok Sabha,District Authority Auditor,SITAMARHI,SITAMARHI,Bihar,DEVESH CHANDRA THAKUR,District Authority Auditor,auditor_sitamarhi,Auditor@Sitamarhi2026!
Lok Sabha,Member of Parliament (Lok Sabha),SITAMARHI,SITAMARHI,Bihar,DEVESH CHANDRA THAKUR,Member of Parliament,mp_sitamarhi,MP@Sitamarhi2026!
Lok Sabha,District Authority Auditor,SITAPUR,SITAPUR,Uttar Pradesh,RAKESH RATHOR,District Authority Auditor,auditor_sitapur,Auditor@Sitapur2026!
Lok Sabha,Member of Parliament (Lok Sabha),SITAPUR,SITAPUR,Uttar Pradesh,RAKESH RATHOR,Member of Parliament,mp_sitapur,MP@Sitapur2026!
Lok Sabha,District Authority Auditor,SIVAGANGA,SIVAGANGA,Tamil Nadu,Shri Karti P Chidambaram,District Authority Auditor,auditor_sivaganga,Auditor@Sivaganga2026!
Lok Sabha,Member of Parliament (Lok Sabha),SIVAGANGA,SIVAGANGA,Tamil Nadu,Shri Karti P Chidambaram,Member of Parliament,mp_sivaganga,MP@Sivaganga2026!
Lok Sabha,District Authority Auditor,SIWAN,SIWAN,Bihar,VIJAYLAKSHMI DEVI,District Authority Auditor,auditor_siwan,Auditor@Siwan2026!
Lok Sabha,Member of Parliament (Lok Sabha),SIWAN,SIWAN,Bihar,VIJAYLAKSHMI DEVI,Member of Parliament,mp_siwan,MP@Siwan2026!
Lok Sabha,District Authority Auditor,SOLAPUR(SC),SOLAPUR(SC),Maharashtra,PRANITI SUSHILKUMAR SHINDE,District Authority Auditor,auditor_solapur,Auditor@Solapur2026!
Lok Sabha,Member of Parliament (Lok Sabha),SOLAPUR(SC),SOLAPUR(SC),Maharashtra,PRANITI SUSHILKUMAR SHINDE,Member of Parliament,mp_solapur,MP@Solapur2026!
Lok Sabha,District Authority Auditor,SONEPAT,SONEPAT,Haryana,SATPAL BRAHAMCHARI,District Authority Auditor,auditor_sonepat,Auditor@Sonepat2026!
Lok Sabha,Member of Parliament (Lok Sabha),SONEPAT,SONEPAT,Haryana,SATPAL BRAHAMCHARI,Member of Parliament,mp_sonepat,MP@Sonepat2026!
Lok Sabha,District Authority Auditor,SOUTH DELHI,SOUTH DELHI,Delhi,Ramvir Singh Bidhuri,District Authority Auditor,auditor_south_delhi,Auditor@SouthDelhi2026!
Lok Sabha,Member of Parliament (Lok Sabha),SOUTH DELHI,SOUTH DELHI,Delhi,Ramvir Singh Bidhuri,Member of Parliament,mp_south_delhi,MP@SouthDelhi2026!
Lok Sabha,District Authority Auditor,SOUTH GOA,SOUTH GOA,Goa,CAPTAIN VIRIATO FERNANDES,District Authority Auditor,auditor_south_goa,Auditor@SouthGoa2026!
Lok Sabha,Member of Parliament (Lok Sabha),SOUTH GOA,SOUTH GOA,Goa,CAPTAIN VIRIATO FERNANDES,Member of Parliament,mp_south_goa,MP@SouthGoa2026!
Lok Sabha,District Authority Auditor,SREERAMPUR,SREERAMPUR,West Bengal,Kalyan Banerjee,District Authority Auditor,auditor_sreerampur,Auditor@Sreerampur2026!
Lok Sabha,Member of Parliament (Lok Sabha),SREERAMPUR,SREERAMPUR,West Bengal,Kalyan Banerjee,Member of Parliament,mp_sreerampur,MP@Sreerampur2026!
Lok Sabha,District Authority Auditor,SRIKAKULAM,SRIKAKULAM,Andhra Pradesh,Kinjarapu Ram Mohan Naidu,District Authority Auditor,auditor_srikakulam,Auditor@Srikakulam2026!
Lok Sabha,Member of Parliament (Lok Sabha),SRIKAKULAM,SRIKAKULAM,Andhra Pradesh,Kinjarapu Ram Mohan Naidu,Member of Parliament,mp_srikakulam,MP@Srikakulam2026!
Lok Sabha,District Authority Auditor,SRINAGAR,SRINAGAR,Jammu And Kashmir,AGA SYED RUHULLAH MEHDI,District Authority Auditor,auditor_srinagar,Auditor@Srinagar2026!
Lok Sabha,Member of Parliament (Lok Sabha),SRINAGAR,SRINAGAR,Jammu And Kashmir,AGA SYED RUHULLAH MEHDI,Member of Parliament,mp_srinagar,MP@Srinagar2026!
Lok Sabha,District Authority Auditor,SRIPERUMBUDUR,SRIPERUMBUDUR,Tamil Nadu,Thalikkottai Rajuthevar Baalu,District Authority Auditor,auditor_sriperumbudur,Auditor@Sriperumbudu2026!
Lok Sabha,Member of Parliament (Lok Sabha),SRIPERUMBUDUR,SRIPERUMBUDUR,Tamil Nadu,Thalikkottai Rajuthevar Baalu,Member of Parliament,mp_sriperumbudur,MP@Sriperumbudu2026!
Lok Sabha,District Authority Auditor,SULTANPUR,SULTANPUR,Uttar Pradesh,RAMBHUAL NISHAD,District Authority Auditor,auditor_sultanpur,Auditor@Sultanpur2026!
Lok Sabha,Member of Parliament (Lok Sabha),SULTANPUR,SULTANPUR,Uttar Pradesh,RAMBHUAL NISHAD,Member of Parliament,mp_sultanpur,MP@Sultanpur2026!
Lok Sabha,District Authority Auditor,SUNDARGARH (ST),SUNDARGARH (ST),Odisha,Shri Jual Oram,District Authority Auditor,auditor_sundargarh,Auditor@Sundargarh2026!
Lok Sabha,Member of Parliament (Lok Sabha),SUNDARGARH (ST),SUNDARGARH (ST),Odisha,Shri Jual Oram,Member of Parliament,mp_sundargarh,MP@Sundargarh2026!
Lok Sabha,District Authority Auditor,SUPAUL,SUPAUL,Bihar,Dileshwar Kamait,District Authority Auditor,auditor_supaul,Auditor@Supaul2026!
Lok Sabha,Member of Parliament (Lok Sabha),SUPAUL,SUPAUL,Bihar,Dileshwar Kamait,Member of Parliament,mp_supaul,MP@Supaul2026!
Lok Sabha,District Authority Auditor,SURAT,SURAT,Gujarat,MUKESHKUMAR CHANDRAKAANT DALAL,District Authority Auditor,auditor_surat,Auditor@Surat2026!
Lok Sabha,Member of Parliament (Lok Sabha),SURAT,SURAT,Gujarat,MUKESHKUMAR CHANDRAKAANT DALAL,Member of Parliament,mp_surat,MP@Surat2026!
Lok Sabha,District Authority Auditor,SURENDRANAGAR,SURENDRANAGAR,Gujarat,CHANDUBHAI CHHAGANBHAI SHIHORA,District Authority Auditor,auditor_surendranagar,Auditor@Surendranaga2026!
Lok Sabha,Member of Parliament (Lok Sabha),SURENDRANAGAR,SURENDRANAGAR,Gujarat,CHANDUBHAI CHHAGANBHAI SHIHORA,Member of Parliament,mp_surendranagar,MP@Surendranaga2026!
Lok Sabha,District Authority Auditor,Sonitpur,Sonitpur,Assam,RANJIT DUTTA,District Authority Auditor,auditor_sonitpur,Auditor@Sonitpur2026!
Lok Sabha,Member of Parliament (Lok Sabha),Sonitpur,Sonitpur,Assam,RANJIT DUTTA,Member of Parliament,mp_sonitpur,MP@Sonitpur2026!
Lok Sabha,District Authority Auditor,TAMLUK,TAMLUK,West Bengal,ABHIJIT GANGOPADHYAY,District Authority Auditor,auditor_tamluk,Auditor@Tamluk2026!
Lok Sabha,Member of Parliament (Lok Sabha),TAMLUK,TAMLUK,West Bengal,ABHIJIT GANGOPADHYAY,Member of Parliament,mp_tamluk,MP@Tamluk2026!
Lok Sabha,District Authority Auditor,TEHRI GARHWAL,TEHRI GARHWAL,Uttarakhand,Mala Rajya Laxmi Shah,District Authority Auditor,auditor_tehri_garhwal,Auditor@TehriGarhwal2026!
Lok Sabha,Member of Parliament (Lok Sabha),TEHRI GARHWAL,TEHRI GARHWAL,Uttarakhand,Mala Rajya Laxmi Shah,Member of Parliament,mp_tehri_garhwal,MP@TehriGarhwal2026!
Lok Sabha,District Authority Auditor,TENKASI(SC),TENKASI(SC),Tamil Nadu,DR RANI SRI KUMAR,District Authority Auditor,auditor_tenkasi,Auditor@Tenkasi2026!
Lok Sabha,Member of Parliament (Lok Sabha),TENKASI(SC),TENKASI(SC),Tamil Nadu,DR RANI SRI KUMAR,Member of Parliament,mp_tenkasi,MP@Tenkasi2026!
Lok Sabha,District Authority Auditor,THANE,THANE,Maharashtra,NARESH GANPAT MHASKE,District Authority Auditor,auditor_thane,Auditor@Thane2026!
Lok Sabha,Member of Parliament (Lok Sabha),THANE,THANE,Maharashtra,NARESH GANPAT MHASKE,Member of Parliament,mp_thane,MP@Thane2026!
Lok Sabha,District Authority Auditor,THANJAVUR,THANJAVUR,Tamil Nadu,MURASOLI S,District Authority Auditor,auditor_thanjavur,Auditor@Thanjavur2026!
Lok Sabha,Member of Parliament (Lok Sabha),THANJAVUR,THANJAVUR,Tamil Nadu,MURASOLI S,Member of Parliament,mp_thanjavur,MP@Thanjavur2026!
Lok Sabha,District Authority Auditor,THENI,THENI,Tamil Nadu,THANGA TAMILSELVAN,District Authority Auditor,auditor_theni,Auditor@Theni2026!
Lok Sabha,Member of Parliament (Lok Sabha),THENI,THENI,Tamil Nadu,THANGA TAMILSELVAN,Member of Parliament,mp_theni,MP@Theni2026!
Lok Sabha,District Authority Auditor,THIRUVANANTHAPURAM,THIRUVANANTHAPURAM,Kerala,Dr Shashi Tharoor,District Authority Auditor,auditor_thiruvananthapuram,Auditor@Thiruvananth2026!
Lok Sabha,Member of Parliament (Lok Sabha),THIRUVANANTHAPURAM,THIRUVANANTHAPURAM,Kerala,Dr Shashi Tharoor,Member of Parliament,mp_thiruvananthapuram,MP@Thiruvananth2026!
Lok Sabha,District Authority Auditor,THOOTHUKKUDI,THOOTHUKKUDI,Tamil Nadu,Kanimozhi Karunanidhi,District Authority Auditor,auditor_thoothukkudi,Auditor@Thoothukkudi2026!
Lok Sabha,Member of Parliament (Lok Sabha),THOOTHUKKUDI,THOOTHUKKUDI,Tamil Nadu,Kanimozhi Karunanidhi,Member of Parliament,mp_thoothukkudi,MP@Thoothukkudi2026!
Lok Sabha,District Authority Auditor,THRISSUR,THRISSUR,Kerala,SURESH GOPI,District Authority Auditor,auditor_thrissur,Auditor@Thrissur2026!
Lok Sabha,Member of Parliament (Lok Sabha),THRISSUR,THRISSUR,Kerala,SURESH GOPI,Member of Parliament,mp_thrissur,MP@Thrissur2026!
Lok Sabha,District Authority Auditor,TIKAMGARH(SC),TIKAMGARH(SC),Madhya Pradesh,Virendra Kumar,District Authority Auditor,auditor_tikamgarh,Auditor@Tikamgarh2026!
Lok Sabha,Member of Parliament (Lok Sabha),TIKAMGARH(SC),TIKAMGARH(SC),Madhya Pradesh,Virendra Kumar,Member of Parliament,mp_tikamgarh,MP@Tikamgarh2026!
Lok Sabha,District Authority Auditor,TIRUCHIRAPPALLI,TIRUCHIRAPPALLI,Tamil Nadu,DURAI VAIKO,District Authority Auditor,auditor_tiruchirappalli,Auditor@Tiruchirappa2026!
Lok Sabha,Member of Parliament (Lok Sabha),TIRUCHIRAPPALLI,TIRUCHIRAPPALLI,Tamil Nadu,DURAI VAIKO,Member of Parliament,mp_tiruchirappalli,MP@Tiruchirappa2026!
Lok Sabha,District Authority Auditor,TIRUNELVELI,TIRUNELVELI,Tamil Nadu,ROBERT BRUCE C,District Authority Auditor,auditor_tirunelveli,Auditor@Tirunelveli2026!
Lok Sabha,Member of Parliament (Lok Sabha),TIRUNELVELI,TIRUNELVELI,Tamil Nadu,ROBERT BRUCE C,Member of Parliament,mp_tirunelveli,MP@Tirunelveli2026!
Lok Sabha,District Authority Auditor,TIRUPATI(SC),TIRUPATI(SC),Andhra Pradesh,Maddila Gurumoorthy,District Authority Auditor,auditor_tirupati,Auditor@Tirupati2026!
Lok Sabha,Member of Parliament (Lok Sabha),TIRUPATI(SC),TIRUPATI(SC),Andhra Pradesh,Maddila Gurumoorthy,Member of Parliament,mp_tirupati,MP@Tirupati2026!
Lok Sabha,District Authority Auditor,TIRUPPUR,TIRUPPUR,Tamil Nadu,K Subbarayan,District Authority Auditor,auditor_tiruppur,Auditor@Tiruppur2026!
Lok Sabha,Member of Parliament (Lok Sabha),TIRUPPUR,TIRUPPUR,Tamil Nadu,K Subbarayan,Member of Parliament,mp_tiruppur,MP@Tiruppur2026!
Lok Sabha,District Authority Auditor,TIRUVALLUR(SC),TIRUVALLUR(SC),Tamil Nadu,Sasikanth Senthil,District Authority Auditor,auditor_tiruvallur,Auditor@Tiruvallur2026!
Lok Sabha,Member of Parliament (Lok Sabha),TIRUVALLUR(SC),TIRUVALLUR(SC),Tamil Nadu,Sasikanth Senthil,Member of Parliament,mp_tiruvallur,MP@Tiruvallur2026!
Lok Sabha,District Authority Auditor,TIRUVANNAMALAI,TIRUVANNAMALAI,Tamil Nadu,CN Annadurai,District Authority Auditor,auditor_tiruvannamalai,Auditor@Tiruvannamal2026!
Lok Sabha,Member of Parliament (Lok Sabha),TIRUVANNAMALAI,TIRUVANNAMALAI,Tamil Nadu,CN Annadurai,Member of Parliament,mp_tiruvannamalai,MP@Tiruvannamal2026!
Lok Sabha,District Authority Auditor,TONK-SAWAI MADHOPUR,TONK-SAWAI MADHOPUR,Rajasthan,HARISH CHANDRA MEENA,District Authority Auditor,auditor_tonk_sawai_madhopur,Auditor@TonkSawaiMad2026!
Lok Sabha,Member of Parliament (Lok Sabha),TONK-SAWAI MADHOPUR,TONK-SAWAI MADHOPUR,Rajasthan,HARISH CHANDRA MEENA,Member of Parliament,mp_tonk_sawai_madhopur,MP@TonkSawaiMad2026!
Lok Sabha,District Authority Auditor,TRIPURA EAST(ST),TRIPURA EAST(ST),Tripura,KRITI DEVI DEBBARMAN,District Authority Auditor,auditor_tripura_east,Auditor@TripuraEast2026!
Lok Sabha,Member of Parliament (Lok Sabha),TRIPURA EAST(ST),TRIPURA EAST(ST),Tripura,KRITI DEVI DEBBARMAN,Member of Parliament,mp_tripura_east,MP@TripuraEast2026!
Lok Sabha,District Authority Auditor,TRIPURA WEST,TRIPURA WEST,Tripura,BIPLAB KUMAR DEB,District Authority Auditor,auditor_tripura_west,Auditor@TripuraWest2026!
Lok Sabha,Member of Parliament (Lok Sabha),TRIPURA WEST,TRIPURA WEST,Tripura,BIPLAB KUMAR DEB,Member of Parliament,mp_tripura_west,MP@TripuraWest2026!
Lok Sabha,District Authority Auditor,TUMKUR,TUMKUR,Karnataka,V. SOMANNA,District Authority Auditor,auditor_tumkur,Auditor@Tumkur2026!
Lok Sabha,Member of Parliament (Lok Sabha),TUMKUR,TUMKUR,Karnataka,V. SOMANNA,Member of Parliament,mp_tumkur,MP@Tumkur2026!
Lok Sabha,District Authority Auditor,TURA,TURA,Meghalaya,SALENG A SANGMA,District Authority Auditor,auditor_tura,Auditor@Tura2026!
Lok Sabha,Member of Parliament (Lok Sabha),TURA,TURA,Meghalaya,SALENG A SANGMA,Member of Parliament,mp_tura,MP@Tura2026!
Lok Sabha,District Authority Auditor,UDAIPUR(ST),UDAIPUR(ST),Rajasthan,MANNA LAL RAWAT,District Authority Auditor,auditor_udaipur,Auditor@Udaipur2026!
Lok Sabha,Member of Parliament (Lok Sabha),UDAIPUR(ST),UDAIPUR(ST),Rajasthan,MANNA LAL RAWAT,Member of Parliament,mp_udaipur,MP@Udaipur2026!
Lok Sabha,District Authority Auditor,UDHAMPUR,UDHAMPUR,Jammu And Kashmir,Jitendra Singh,District Authority Auditor,auditor_udhampur,Auditor@Udhampur2026!
Lok Sabha,Member of Parliament (Lok Sabha),UDHAMPUR,UDHAMPUR,Jammu And Kashmir,Jitendra Singh,Member of Parliament,mp_udhampur,MP@Udhampur2026!
Lok Sabha,District Authority Auditor,UDUPI CHIKMAGALUR,UDUPI CHIKMAGALUR,Karnataka,KOTA SRINIVAS POOJARY,District Authority Auditor,auditor_udupi_chikmagalur,Auditor@UdupiChikmag2026!
Lok Sabha,Member of Parliament (Lok Sabha),UDUPI CHIKMAGALUR,UDUPI CHIKMAGALUR,Karnataka,KOTA SRINIVAS POOJARY,Member of Parliament,mp_udupi_chikmagalur,MP@UdupiChikmag2026!
Lok Sabha,District Authority Auditor,UJJAIN(SC),UJJAIN(SC),Madhya Pradesh,Shri Anil Firojiya,District Authority Auditor,auditor_ujjain,Auditor@Ujjain2026!
Lok Sabha,Member of Parliament (Lok Sabha),UJJAIN(SC),UJJAIN(SC),Madhya Pradesh,Shri Anil Firojiya,Member of Parliament,mp_ujjain,MP@Ujjain2026!
Lok Sabha,District Authority Auditor,UJJARPUR,UJJARPUR,Bihar,Nityanand Rai,District Authority Auditor,auditor_ujjarpur,Auditor@Ujjarpur2026!
Lok Sabha,Member of Parliament (Lok Sabha),UJJARPUR,UJJARPUR,Bihar,Nityanand Rai,Member of Parliament,mp_ujjarpur,MP@Ujjarpur2026!
Lok Sabha,District Authority Auditor,ULUBERIA,ULUBERIA,West Bengal,Smt Sajda Ahmed,District Authority Auditor,auditor_uluberia,Auditor@Uluberia2026!
Lok Sabha,Member of Parliament (Lok Sabha),ULUBERIA,ULUBERIA,West Bengal,Smt Sajda Ahmed,Member of Parliament,mp_uluberia,MP@Uluberia2026!
Lok Sabha,District Authority Auditor,UNNAO,UNNAO,Uttar Pradesh,Swami Sachchidanandhari Sakshi ji Maharaj,District Authority Auditor,auditor_unnao,Auditor@Unnao2026!
Lok Sabha,Member of Parliament (Lok Sabha),UNNAO,UNNAO,Uttar Pradesh,Swami Sachchidanandhari Sakshi ji Maharaj,Member of Parliament,mp_unnao,MP@Unnao2026!
Lok Sabha,District Authority Auditor,UTTARA KANNADA,UTTARA KANNADA,Karnataka,VISHWESHWAR HEGDE KAGERI,District Authority Auditor,auditor_uttara_kannada,Auditor@UttaraKannad2026!
Lok Sabha,Member of Parliament (Lok Sabha),UTTARA KANNADA,UTTARA KANNADA,Karnataka,VISHWESHWAR HEGDE KAGERI,Member of Parliament,mp_uttara_kannada,MP@UttaraKannad2026!
Lok Sabha,District Authority Auditor,VADAKARA,VADAKARA,Kerala,SHAFI PARAMBIL,District Authority Auditor,auditor_vadakara,Auditor@Vadakara2026!
Lok Sabha,Member of Parliament (Lok Sabha),VADAKARA,VADAKARA,Kerala,SHAFI PARAMBIL,Member of Parliament,mp_vadakara,MP@Vadakara2026!
Lok Sabha,District Authority Auditor,VADODARA,VADODARA,Gujarat,DR. HEMANG JOSHI,District Authority Auditor,auditor_vadodara,Auditor@Vadodara2026!
Lok Sabha,Member of Parliament (Lok Sabha),VADODARA,VADODARA,Gujarat,DR. HEMANG JOSHI,Member of Parliament,mp_vadodara,MP@Vadodara2026!
Lok Sabha,District Authority Auditor,VAISHALI,VAISHALI,Bihar,Smt Veena Devi,District Authority Auditor,auditor_vaishali,Auditor@Vaishali2026!
Lok Sabha,Member of Parliament (Lok Sabha),VAISHALI,VAISHALI,Bihar,Smt Veena Devi,Member of Parliament,mp_vaishali,MP@Vaishali2026!
Lok Sabha,District Authority Auditor,VALMIKI NAGAR,VALMIKI NAGAR,Bihar,Sunil Kumar,District Authority Auditor,auditor_valmiki_nagar,Auditor@ValmikiNagar2026!
Lok Sabha,Member of Parliament (Lok Sabha),VALMIKI NAGAR,VALMIKI NAGAR,Bihar,Sunil Kumar,Member of Parliament,mp_valmiki_nagar,MP@ValmikiNagar2026!
Lok Sabha,District Authority Auditor,VALSAD(ST),VALSAD(ST),Gujarat,DHAVAL LAXMANBHAI PATEL,District Authority Auditor,auditor_valsad,Auditor@Valsad2026!
Lok Sabha,Member of Parliament (Lok Sabha),VALSAD(ST),VALSAD(ST),Gujarat,DHAVAL LAXMANBHAI PATEL,Member of Parliament,mp_valsad,MP@Valsad2026!
Lok Sabha,District Authority Auditor,VARANASI,VARANASI,Uttar Pradesh,Shri Narendra Modi,District Authority Auditor,auditor_varanasi,Auditor@Varanasi2026!
Lok Sabha,Member of Parliament (Lok Sabha),VARANASI,VARANASI,Uttar Pradesh,Shri Narendra Modi,Member of Parliament,mp_varanasi,MP@Varanasi2026!
Lok Sabha,District Authority Auditor,VELLORE,VELLORE,Tamil Nadu,D M Kathir Anand,District Authority Auditor,auditor_vellore,Auditor@Vellore2026!
Lok Sabha,Member of Parliament (Lok Sabha),VELLORE,VELLORE,Tamil Nadu,D M Kathir Anand,Member of Parliament,mp_vellore,MP@Vellore2026!
Lok Sabha,District Authority Auditor,VIDISHA,VIDISHA,Madhya Pradesh,SHIVRAJ SINGH CHOUHAN,District Authority Auditor,auditor_vidisha,Auditor@Vidisha2026!
Lok Sabha,Member of Parliament (Lok Sabha),VIDISHA,VIDISHA,Madhya Pradesh,SHIVRAJ SINGH CHOUHAN,Member of Parliament,mp_vidisha,MP@Vidisha2026!
Lok Sabha,District Authority Auditor,VIJAYAWADA,VIJAYAWADA,Andhra Pradesh,Sivanath Kesineni,District Authority Auditor,auditor_vijayawada,Auditor@Vijayawada2026!
Lok Sabha,Member of Parliament (Lok Sabha),VIJAYAWADA,VIJAYAWADA,Andhra Pradesh,Sivanath Kesineni,Member of Parliament,mp_vijayawada,MP@Vijayawada2026!
Lok Sabha,District Authority Auditor,VILUPPURAM(SC),VILUPPURAM(SC),Tamil Nadu,D Ravikumar,District Authority Auditor,auditor_viluppuram,Auditor@Viluppuram2026!
Lok Sabha,Member of Parliament (Lok Sabha),VILUPPURAM(SC),VILUPPURAM(SC),Tamil Nadu,D Ravikumar,Member of Parliament,mp_viluppuram,MP@Viluppuram2026!
Lok Sabha,District Authority Auditor,VIRUDHUNAGAR,VIRUDHUNAGAR,Tamil Nadu,Manickam Tagore B,District Authority Auditor,auditor_virudhunagar,Auditor@Virudhunagar2026!
Lok Sabha,Member of Parliament (Lok Sabha),VIRUDHUNAGAR,VIRUDHUNAGAR,Tamil Nadu,Manickam Tagore B,Member of Parliament,mp_virudhunagar,MP@Virudhunagar2026!
Lok Sabha,District Authority Auditor,VISAKHAPATNAM,VISAKHAPATNAM,Andhra Pradesh,Sribharat MathuKumli,District Authority Auditor,auditor_visakhapatnam,Auditor@Visakhapatna2026!
Lok Sabha,Member of Parliament (Lok Sabha),VISAKHAPATNAM,VISAKHAPATNAM,Andhra Pradesh,Sribharat MathuKumli,Member of Parliament,mp_visakhapatnam,MP@Visakhapatna2026!
Lok Sabha,District Authority Auditor,VIZIANAGARAM,VIZIANAGARAM,Andhra Pradesh,Appalanaidu Kalisetti,District Authority Auditor,auditor_vizianagaram,Auditor@Vizianagaram2026!
Lok Sabha,Member of Parliament (Lok Sabha),VIZIANAGARAM,VIZIANAGARAM,Andhra Pradesh,Appalanaidu Kalisetti,Member of Parliament,mp_vizianagaram,MP@Vizianagaram2026!
Lok Sabha,District Authority Auditor,WARANGEL(SC),WARANGEL(SC),Telangana,KADIYAM KAVYA,District Authority Auditor,auditor_warangel,Auditor@Warangel2026!
Lok Sabha,Member of Parliament (Lok Sabha),WARANGEL(SC),WARANGEL(SC),Telangana,KADIYAM KAVYA,Member of Parliament,mp_warangel,MP@Warangel2026!
Lok Sabha,District Authority Auditor,WARDHA,WARDHA,Maharashtra,AMAR SHARADRAO KALE,District Authority Auditor,auditor_wardha,Auditor@Wardha2026!
Lok Sabha,Member of Parliament (Lok Sabha),WARDHA,WARDHA,Maharashtra,AMAR SHARADRAO KALE,Member of Parliament,mp_wardha,MP@Wardha2026!
Lok Sabha,District Authority Auditor,WAYANAD,WAYANAD,Kerala,Priyanka Gandhi Vadra,District Authority Auditor,auditor_wayanad,Auditor@Wayanad2026!
Lok Sabha,Member of Parliament (Lok Sabha),WAYANAD,WAYANAD,Kerala,Priyanka Gandhi Vadra,Member of Parliament,mp_wayanad,MP@Wayanad2026!
Lok Sabha,District Authority Auditor,WEST DELHI,WEST DELHI,Delhi,Kamaljeet Sehrawat,District Authority Auditor,auditor_west_delhi,Auditor@WestDelhi2026!
Lok Sabha,Member of Parliament (Lok Sabha),WEST DELHI,WEST DELHI,Delhi,Kamaljeet Sehrawat,Member of Parliament,mp_west_delhi,MP@WestDelhi2026!
Lok Sabha,District Authority Auditor,YAVATMAL-WASHIM,YAVATMAL-WASHIM,Maharashtra,Sanjay Uttamrao Deshmukh,District Authority Auditor,auditor_yavatmal_washim,Auditor@YavatmalWash2026!
Lok Sabha,Member of Parliament (Lok Sabha),YAVATMAL-WASHIM,YAVATMAL-WASHIM,Maharashtra,Sanjay Uttamrao Deshmukh,Member of Parliament,mp_yavatmal_washim,MP@YavatmalWash2026!
Lok Sabha,District Authority Auditor,ZAHIRABAD,ZAHIRABAD,Telangana,SURESH KUMAR SHETKAR,District Authority Auditor,auditor_zahirabad,Auditor@Zahirabad2026!
Lok Sabha,Member of Parliament (Lok Sabha),ZAHIRABAD,ZAHIRABAD,Telangana,SURESH KUMAR SHETKAR,Member of Parliament,mp_zahirabad,MP@Zahirabad2026!
Rajya Sabha,Member of Parliament (Rajya Sabha),Sitting Rajya Sabha,Andhra Pradesh,Andhra Pradesh,Shri Bhashyam Rama Krishna,Member of Parliament,rs_shri_bhashyam_rama_krishna,RS@ShriBhashyam2026!
Rajya Sabha,Member of Parliament (Rajya Sabha),Sitting Rajya Sabha,Andhra Pradesh,Andhra Pradesh,Shri Golla Baburao,Member of Parliament,rs_shri_golla_baburao,RS@ShriGollaBab2026!
Rajya Sabha,Member of Parliament (Rajya Sabha),Sitting Rajya Sabha,Andhra Pradesh,Andhra Pradesh,Shri Lingamaneni Ramesh,Member of Parliament,rs_shri_lingamaneni_ramesh,RS@ShriLingaman2026!
Rajya Sabha,Member of Parliament (Rajya Sabha),Sitting Rajya Sabha,Andhra Pradesh,Andhra Pradesh,Shri Masthan Rao Yadav Beedha,Member of Parliament,rs_shri_masthan_rao_yadav_beedha,RS@ShriMasthanR2026!
Rajya Sabha,Member of Parliament (Rajya Sabha),Sitting Rajya Sabha,Andhra Pradesh,Andhra Pradesh,Shri Meda Raghunadha Reddy,Member of Parliament,rs_shri_meda_raghunadha_reddy,RS@ShriMedaRagh2026!
Rajya Sabha,Member of Parliament (Rajya Sabha),Sitting Rajya Sabha,Andhra Pradesh,Andhra Pradesh,Shri Paka Venkata Satyanarayana,Member of Parliament,rs_shri_paka_venkata_satyanarayana,RS@ShriPakaVenk2026!
Rajya Sabha,Member of Parliament (Rajya Sabha),Sitting Rajya Sabha,Andhra Pradesh,Andhra Pradesh,Shri Ryaga Krishnaiah,Member of Parliament,rs_shri_ryaga_krishnaiah,RS@ShriRyagaKri2026!
Rajya Sabha,Member of Parliament (Rajya Sabha),Sitting Rajya Sabha,Andhra Pradesh,Andhra Pradesh,Shri S Niranjan Reddy,Member of Parliament,rs_shri_s_niranjan_reddy,RS@ShriSNiranja2026!
Rajya Sabha,Member of Parliament (Rajya Sabha),Sitting Rajya Sabha,Andhra Pradesh,Andhra Pradesh,Shri Sana Sathish Babu,Member of Parliament,rs_shri_sana_sathish_babu,RS@ShriSanaSath2026!
Rajya Sabha,Member of Parliament (Rajya Sabha),Nominated Rajya Sabha,Andhra Pradesh,Andhra Pradesh,Shri V. Vijayendra Prasad,Member of Parliament,rs_shri_v_vijayendra_prasad,RS@ShriVVijayen2026!
Rajya Sabha,Member of Parliament (Rajya Sabha),Sitting Rajya Sabha,Andhra Pradesh,Andhra Pradesh,Shri Vijay Chintakayala,Member of Parliament,rs_shri_vijay_chintakayala,RS@ShriVijayChi2026!
Rajya Sabha,Member of Parliament (Rajya Sabha),Sitting Rajya Sabha,Andhra Pradesh,Andhra Pradesh,Shri Yerram Venkata Subba Reddy,Member of Parliament,rs_shri_yerram_venkata_subba_reddy,RS@ShriYerramVe2026!
Rajya Sabha,Member of Parliament (Rajya Sabha),Sitting Rajya Sabha,Arunachal Pradesh,Arunachal Pradesh,Shri Tai Tagak,Member of Parliament,rs_shri_tai_tagak,RS@ShriTaiTagak2026!
Rajya Sabha,Member of Parliament (Rajya Sabha),Sitting Rajya Sabha,Assam,Assam,Shri Birendra Prasad Baishya,Member of Parliament,rs_shri_birendra_prasad_baishya,RS@ShriBirendra2026!
Rajya Sabha,Member of Parliament (Rajya Sabha),Sitting Rajya Sabha,Assam,Assam,Shri Jogen Mohan,Member of Parliament,rs_shri_jogen_mohan,RS@ShriJogenMoh2026!
Rajya Sabha,Member of Parliament (Rajya Sabha),Sitting Rajya Sabha,Assam,Assam,Shri Kanad Purkayastha,Member of Parliament,rs_shri_kanad_purkayastha,RS@ShriKanadPur2026!
Rajya Sabha,Member of Parliament (Rajya Sabha),Sitting Rajya Sabha,Assam,Assam,Shri Pabitra Margherita,Member of Parliament,rs_shri_pabitra_margherita,RS@ShriPabitraM2026!
Rajya Sabha,Member of Parliament (Rajya Sabha),Sitting Rajya Sabha,Assam,Assam,Shri Pramod Boro,Member of Parliament,rs_shri_pramod_boro,RS@ShriPramodBo2026!
Rajya Sabha,Member of Parliament (Rajya Sabha),Sitting Rajya Sabha,Assam,Assam,Shri Rwngwra Narzary,Member of Parliament,rs_shri_rwngwra_narzary,RS@ShriRwngwraN2026!
Rajya Sabha,Member of Parliament (Rajya Sabha),Sitting Rajya Sabha,Assam,Assam,Shri Terash Gowalla,Member of Parliament,rs_shri_terash_gowalla,RS@ShriTerashGo2026!
Rajya Sabha,Member of Parliament (Rajya Sabha),Sitting Rajya Sabha,Bihar,Bihar,Dr. Bhim Singh,Member of Parliament,rs_dr_bhim_singh,RS@DrBhimSingh2026!
Rajya Sabha,Member of Parliament (Rajya Sabha),Sitting Rajya Sabha,Bihar,Bihar,Dr. Dharmshila Gupta,Member of Parliament,rs_dr_dharmshila_gupta,RS@DrDharmshila2026!
Rajya Sabha,Member of Parliament (Rajya Sabha),Sitting Rajya Sabha,Bihar,Bihar,Dr. Faiyaz Ahmad,Member of Parliament,rs_dr_faiyaz_ahmad,RS@DrFaiyazAhma2026!
Rajya Sabha,Member of Parliament (Rajya Sabha),Sitting Rajya Sabha,Bihar,Bihar,Prof. Manoj Kumar Jha,Member of Parliament,rs_prof_manoj_kumar_jha,RS@ProfManojKum2026!
Rajya Sabha,Member of Parliament (Rajya Sabha),Sitting Rajya Sabha,Bihar,Bihar,Shri Akhilesh Prasad Singh,Member of Parliament,rs_shri_akhilesh_prasad_singh,RS@ShriAkhilesh2026!
Rajya Sabha,Member of Parliament (Rajya Sabha),Sitting Rajya Sabha,Bihar,Bihar,Shri Khiru Mahto,Member of Parliament,rs_shri_khiru_mahto,RS@ShriKhiruMah2026!
Rajya Sabha,Member of Parliament (Rajya Sabha),Sitting Rajya Sabha,Bihar,Bihar,Shri Manan Kumar Mishra,Member of Parliament,rs_shri_manan_kumar_mishra,RS@ShriMananKum2026!
Rajya Sabha,Member of Parliament (Rajya Sabha),Sitting Rajya Sabha,Bihar,Bihar,Shri Nitin Nabin,Member of Parliament,rs_shri_nitin_nabin,RS@ShriNitinNab2026!
Rajya Sabha,Member of Parliament (Rajya Sabha),Sitting Rajya Sabha,Bihar,Bihar,Shri Ram Nath Thakur,Member of Parliament,rs_shri_ram_nath_thakur,RS@ShriRamNathT2026!
Rajya Sabha,Member of Parliament (Rajya Sabha),Sitting Rajya Sabha,Bihar,Bihar,Shri Sanjay Kumar Jha,Member of Parliament,rs_shri_sanjay_kumar_jha,RS@ShriSanjayKu2026!
Rajya Sabha,Member of Parliament (Rajya Sabha),Sitting Rajya Sabha,Bihar,Bihar,Shri Sanjay Yadav,Member of Parliament,rs_shri_sanjay_yadav,RS@ShriSanjayYa2026!
Rajya Sabha,Member of Parliament (Rajya Sabha),Sitting Rajya Sabha,Bihar,Bihar,Shri Satish Chandra Dubey,Member of Parliament,rs_shri_satish_chandra_dubey,RS@ShriSatishCh2026!
Rajya Sabha,Member of Parliament (Rajya Sabha),Sitting Rajya Sabha,Bihar,Bihar,Shri Shambhu Sharan Patel,Member of Parliament,rs_shri_shambhu_sharan_patel,RS@ShriShambhuS2026!
Rajya Sabha,Member of Parliament (Rajya Sabha),Sitting Rajya Sabha,Bihar,Bihar,Shri Shivesh Kumar,Member of Parliament,rs_shri_shivesh_kumar,RS@ShriShiveshK2026!
Rajya Sabha,Member of Parliament (Rajya Sabha),Sitting Rajya Sabha,Bihar,Bihar,Shri Upendra Kushwaha,Member of Parliament,rs_shri_upendra_kushwaha,RS@ShriUpendraK2026!
Rajya Sabha,Member of Parliament (Rajya Sabha),Nominated Rajya Sabha,Chandigarh,Chandigarh,Shri Satnam Singh Sandhu,Member of Parliament,rs_shri_satnam_singh_sandhu,RS@ShriSatnamSi2026!
Rajya Sabha,Member of Parliament (Rajya Sabha),Sitting Rajya Sabha,Chhattisgarh,Chhattisgarh,Shri Devendra Pratap Singh,Member of Parliament,rs_shri_devendra_pratap_singh,RS@ShriDevendra2026!
Rajya Sabha,Member of Parliament (Rajya Sabha),Sitting Rajya Sabha,Chhattisgarh,Chhattisgarh,Shri Rajeev Shukla,Member of Parliament,rs_shri_rajeev_shukla,RS@ShriRajeevSh2026!
Rajya Sabha,Member of Parliament (Rajya Sabha),Sitting Rajya Sabha,Chhattisgarh,Chhattisgarh,Smt. Laxmi Verma,Member of Parliament,rs_smt_laxmi_verma,RS@SmtLaxmiVerm2026!
Rajya Sabha,Member of Parliament (Rajya Sabha),Sitting Rajya Sabha,Chhattisgarh,Chhattisgarh,Smt. Phulo Devi Netam,Member of Parliament,rs_smt_phulo_devi_netam,RS@SmtPhuloDevi2026!
Rajya Sabha,Member of Parliament (Rajya Sabha),Sitting Rajya Sabha,Chhattisgarh,Chhattisgarh,Smt. Ranjeet Ranjan,Member of Parliament,rs_smt_ranjeet_ranjan,RS@SmtRanjeetRa2026!
Rajya Sabha,Member of Parliament (Rajya Sabha),Nominated Rajya Sabha,Delhi,Delhi,Dr. Meenakshi Jain,Member of Parliament,rs_dr_meenakshi_jain,RS@DrMeenakshiJ2026!
Rajya Sabha,Member of Parliament (Rajya Sabha),Sitting Rajya Sabha,Delhi,Delhi,Ms. Swati Maliwal,Member of Parliament,rs_ms_swati_maliwal,RS@MsSwatiMaliw2026!
Rajya Sabha,Member of Parliament (Rajya Sabha),Sitting Rajya Sabha,Delhi,Delhi,Shri Narain Dass Gupta,Member of Parliament,rs_shri_narain_dass_gupta,RS@ShriNarainDa2026!
Rajya Sabha,Member of Parliament (Rajya Sabha),Sitting Rajya Sabha,Delhi,Delhi,Shri Sanjay Singh,Member of Parliament,rs_shri_sanjay_singh,RS@ShriSanjaySi2026!
Rajya Sabha,Member of Parliament (Rajya Sabha),Sitting Rajya Sabha,Goa,Goa,Shri Sadanand Mhalu Shet Tanavade,Member of Parliament,rs_shri_sadanand_mhalu_shet_tanavade,RS@ShriSadanand2026!
Rajya Sabha,Member of Parliament (Rajya Sabha),Sitting Rajya Sabha,Gujarat,Gujarat,Dr. Mukeshbhai J. Rathwa,Member of Parliament,rs_dr_mukeshbhai_j_rathwa,RS@DrMukeshbhai2026!
Rajya Sabha,Member of Parliament (Rajya Sabha),Sitting Rajya Sabha,Gujarat,Gujarat,Dr. Parmar Jashvantsinh Salamsinh,Member of Parliament,rs_dr_parmar_jashvantsinh_salamsinh,RS@DrParmarJash2026!
Rajya Sabha,Member of Parliament (Rajya Sabha),Sitting Rajya Sabha,Gujarat,Gujarat,Shri Babubhai Jesangbhai Desai,Member of Parliament,rs_shri_babubhai_jesangbhai_desai,RS@ShriBabubhai2026!
Rajya Sabha,Member of Parliament (Rajya Sabha),Sitting Rajya Sabha,Gujarat,Gujarat,Shri Govindbhai Laljibhai Dholakia,Member of Parliament,rs_shri_govindbhai_laljibhai_dholakia,RS@ShriGovindbh2026!
Rajya Sabha,Member of Parliament (Rajya Sabha),Sitting Rajya Sabha,Gujarat,Gujarat,Shri Jagat Prakash Nadda,Member of Parliament,rs_shri_jagat_prakash_nadda,RS@ShriJagatPra2026!
Rajya Sabha,Member of Parliament (Rajya Sabha),Sitting Rajya Sabha,Gujarat,Gujarat,Shri Kesridevsinh Jhala,Member of Parliament,rs_shri_kesridevsinh_jhala,RS@ShriKesridev2026!
Rajya Sabha,Member of Parliament (Rajya Sabha),Sitting Rajya Sabha,Gujarat,Gujarat,Shri Mayankkumar Nayak,Member of Parliament,rs_shri_mayankkumar_nayak,RS@ShriMayankku2026!
Rajya Sabha,Member of Parliament (Rajya Sabha),Sitting Rajya Sabha,Gujarat,Gujarat,Shri Rajesh Parmanand Shukla,Member of Parliament,rs_shri_rajesh_parmanand_shukla,RS@ShriRajeshPa2026!
Rajya Sabha,Member of Parliament (Rajya Sabha),Sitting Rajya Sabha,Gujarat,Gujarat,Shri S. Jaishankar,Member of Parliament,rs_shri_s_jaishankar,RS@ShriSJaishan2026!
Rajya Sabha,Member of Parliament (Rajya Sabha),Sitting Rajya Sabha,Haryana,Haryana,Shri Karamvir Singh Singh Boudh,Member of Parliament,rs_shri_karamvir_singh_singh_boudh,RS@ShriKaramvir2026!
Rajya Sabha,Member of Parliament (Rajya Sabha),Sitting Rajya Sabha,Haryana,Haryana,Shri Kartikeya Sharma,Member of Parliament,rs_shri_kartikeya_sharma,RS@ShriKartikey2026!
Rajya Sabha,Member of Parliament (Rajya Sabha),Sitting Rajya Sabha,Haryana,Haryana,Shri Sanjay Bhatia,Member of Parliament,rs_shri_sanjay_bhatia,RS@ShriSanjayBh2026!
Rajya Sabha,Member of Parliament (Rajya Sabha),Sitting Rajya Sabha,Haryana,Haryana,Shri Subhash Barala,Member of Parliament,rs_shri_subhash_barala,RS@ShriSubhashB2026!
Rajya Sabha,Member of Parliament (Rajya Sabha),Sitting Rajya Sabha,Haryana,Haryana,Smt. Rekha Sharma,Member of Parliament,rs_smt_rekha_sharma,RS@SmtRekhaShar2026!
Rajya Sabha,Member of Parliament (Rajya Sabha),Sitting Rajya Sabha,Himachal Pradesh,Himachal Pradesh,Dr. Sikander Kumar,Member of Parliament,rs_dr_sikander_kumar,RS@DrSikanderKu2026!
Rajya Sabha,Member of Parliament (Rajya Sabha),Sitting Rajya Sabha,Himachal Pradesh,Himachal Pradesh,Shri Anurag Sharma,Member of Parliament,rs_shri_anurag_sharma,RS@ShriAnuragSh2026!
Rajya Sabha,Member of Parliament (Rajya Sabha),Sitting Rajya Sabha,Himachal Pradesh,Himachal Pradesh,Shri Harsh Mahajan,Member of Parliament,rs_shri_harsh_mahajan,RS@ShriHarshMah2026!
Rajya Sabha,Member of Parliament (Rajya Sabha),Sitting Rajya Sabha,Jammu And Kashmir,Jammu And Kashmir,Shri Chowdry Mohammad Ramzan,Member of Parliament,rs_shri_chowdry_mohammad_ramzan,RS@ShriChowdryM2026!
Rajya Sabha,Member of Parliament (Rajya Sabha),Nominated Rajya Sabha,Jammu And Kashmir,Jammu And Kashmir,Shri Gulam Ali,Member of Parliament,rs_shri_gulam_ali,RS@ShriGulamAli2026!
Rajya Sabha,Member of Parliament (Rajya Sabha),Sitting Rajya Sabha,Jammu And Kashmir,Jammu And Kashmir,Shri Gurwinder Singh Oberoi,Member of Parliament,rs_shri_gurwinder_singh_oberoi,RS@ShriGurwinde2026!
Rajya Sabha,Member of Parliament (Rajya Sabha),Sitting Rajya Sabha,Jammu And Kashmir,Jammu And Kashmir,Shri Sajjad Ahmad Kichloo,Member of Parliament,rs_shri_sajjad_ahmad_kichloo,RS@ShriSajjadAh2026!
Rajya Sabha,Member of Parliament (Rajya Sabha),Sitting Rajya Sabha,Jammu And Kashmir,Jammu And Kashmir,Shri Sat Paul Sharma,Member of Parliament,rs_shri_sat_paul_sharma,RS@ShriSatPaulS2026!
Rajya Sabha,Member of Parliament (Rajya Sabha),Sitting Rajya Sabha,Jharkhand,Jharkhand,Dr. Sarfraz Ahmad,Member of Parliament,rs_dr_sarfraz_ahmad,RS@DrSarfrazAhm2026!
Rajya Sabha,Member of Parliament (Rajya Sabha),Sitting Rajya Sabha,Jharkhand,Jharkhand,Parimal Nathwani,Member of Parliament,rs_parimal_nathwani,RS@ParimalNathw2026!
Rajya Sabha,Member of Parliament (Rajya Sabha),Sitting Rajya Sabha,Jharkhand,Jharkhand,Shri Aditya Prasad,Member of Parliament,rs_shri_aditya_prasad,RS@ShriAdityaPr2026!
Rajya Sabha,Member of Parliament (Rajya Sabha),Sitting Rajya Sabha,Jharkhand,Jharkhand,Shri Baidyanath Ram,Member of Parliament,rs_shri_baidyanath_ram,RS@ShriBaidyana2026!
Rajya Sabha,Member of Parliament (Rajya Sabha),Sitting Rajya Sabha,Jharkhand,Jharkhand,Shri Pradip Kumar Varma,Member of Parliament,rs_shri_pradip_kumar_varma,RS@ShriPradipKu2026!
Rajya Sabha,Member of Parliament (Rajya Sabha),Sitting Rajya Sabha,Jharkhand,Jharkhand,Smt. Mahua Maji,Member of Parliament,rs_smt_mahua_maji,RS@SmtMahuaMaji2026!
Rajya Sabha,Member of Parliament (Rajya Sabha),Nominated Rajya Sabha,Karnataka,Karnataka,Dr. Dharmasthala Veerendra Heggade,Member of Parliament,rs_dr_dharmasthala_veerendra_heggade,RS@DrDharmastha2026!
Rajya Sabha,Member of Parliament (Rajya Sabha),Sitting Rajya Sabha,Karnataka,Karnataka,Dr. Syed Naseer Hussain,Member of Parliament,rs_dr_syed_naseer_hussain,RS@DrSyedNaseer2026!
Rajya Sabha,Member of Parliament (Rajya Sabha),Sitting Rajya Sabha,Karnataka,Karnataka,Shri Ajay Makan,Member of Parliament,rs_shri_ajay_makan,RS@ShriAjayMaka2026!
Rajya Sabha,Member of Parliament (Rajya Sabha),Sitting Rajya Sabha,Karnataka,Karnataka,Shri G.C. Chandrashekhar,Member of Parliament,rs_shri_g_c_chandrashekhar,RS@ShriGCChandr2026!
Rajya Sabha,Member of Parliament (Rajya Sabha),Sitting Rajya Sabha,Karnataka,Karnataka,Shri Jaggesh,Member of Parliament,rs_shri_jaggesh,RS@ShriJaggesh2026!
Rajya Sabha,Member of Parliament (Rajya Sabha),Sitting Rajya Sabha,Karnataka,Karnataka,Shri Jairam Ramesh,Member of Parliament,rs_shri_jairam_ramesh,RS@ShriJairamRa2026!
Rajya Sabha,Member of Parliament (Rajya Sabha),Sitting Rajya Sabha,Karnataka,Karnataka,Shri Lahar Singh Siroya,Member of Parliament,rs_shri_lahar_singh_siroya,RS@ShriLaharSin2026!
Rajya Sabha,Member of Parliament (Rajya Sabha),Sitting Rajya Sabha,Karnataka,Karnataka,Shri M. Nagaraja,Member of Parliament,rs_shri_m_nagaraja,RS@ShriMNagaraj2026!
Rajya Sabha,Member of Parliament (Rajya Sabha),Sitting Rajya Sabha,Karnataka,Karnataka,Shri Mallikarjun Kharge,Member of Parliament,rs_shri_mallikarjun_kharge,RS@ShriMallikar2026!
Rajya Sabha,Member of Parliament (Rajya Sabha),Sitting Rajya Sabha,Karnataka,Karnataka,Shri Mansoor Ali Khan,Member of Parliament,rs_shri_mansoor_ali_khan,RS@ShriMansoorA2026!
Rajya Sabha,Member of Parliament (Rajya Sabha),Sitting Rajya Sabha,Karnataka,Karnataka,Shri Narayanasa K. Bhandage,Member of Parliament,rs_shri_narayanasa_k_bhandage,RS@ShriNarayana2026!
Rajya Sabha,Member of Parliament (Rajya Sabha),Sitting Rajya Sabha,Karnataka,Karnataka,Shri Pawan Khera,Member of Parliament,rs_shri_pawan_khera,RS@ShriPawanKhe2026!
Rajya Sabha,Member of Parliament (Rajya Sabha),Sitting Rajya Sabha,Karnataka,Karnataka,Smt. Nirmala Sitharaman,Member of Parliament,rs_smt_nirmala_sitharaman,RS@SmtNirmalaSi2026!
Rajya Sabha,Member of Parliament (Rajya Sabha),Nominated Rajya Sabha,Karnataka,Karnataka,Smt. Sudha Murty,Member of Parliament,rs_smt_sudha_murty,RS@SmtSudhaMurt2026!
Rajya Sabha,Member of Parliament (Rajya Sabha),Sitting Rajya Sabha,Kerala,Kerala,Dr. John Brittas,Member of Parliament,rs_dr_john_brittas,RS@DrJohnBritta2026!
Rajya Sabha,Member of Parliament (Rajya Sabha),Sitting Rajya Sabha,Kerala,Kerala,Dr. V. Sivadasan,Member of Parliament,rs_dr_v_sivadasan,RS@DrVSivadasan2026!
Rajya Sabha,Member of Parliament (Rajya Sabha),Sitting Rajya Sabha,Kerala,Kerala,Shri A. A. Rahim,Member of Parliament,rs_shri_a_a_rahim,RS@ShriAARahim2026!
Rajya Sabha,Member of Parliament (Rajya Sabha),Sitting Rajya Sabha,Kerala,Kerala,Shri Abdul Wahab,Member of Parliament,rs_shri_abdul_wahab,RS@ShriAbdulWah2026!
Rajya Sabha,Member of Parliament (Rajya Sabha),Nominated Rajya Sabha,Kerala,Kerala,Shri C. Sadanandan Master,Member of Parliament,rs_shri_c_sadanandan_master,RS@ShriCSadanan2026!
Rajya Sabha,Member of Parliament (Rajya Sabha),Sitting Rajya Sabha,Kerala,Kerala,Shri Haris Beeran,Member of Parliament,rs_shri_haris_beeran,RS@ShriHarisBee2026!
Rajya Sabha,Member of Parliament (Rajya Sabha),Sitting Rajya Sabha,Kerala,Kerala,Shri Jose K. Mani,Member of Parliament,rs_shri_jose_k_mani,RS@ShriJoseKMan2026!
Rajya Sabha,Member of Parliament (Rajya Sabha),Sitting Rajya Sabha,Kerala,Kerala,Shri P. P. Suneer,Member of Parliament,rs_shri_p_p_suneer,RS@ShriPPSuneer2026!
Rajya Sabha,Member of Parliament (Rajya Sabha),Sitting Rajya Sabha,Kerala,Kerala,Shri Sandosh Kumar P,Member of Parliament,rs_shri_sandosh_kumar_p,RS@ShriSandoshK2026!
Rajya Sabha,Member of Parliament (Rajya Sabha),Sitting Rajya Sabha,Kerala,Kerala,Smt. Jebi Mather Hisham,Member of Parliament,rs_smt_jebi_mather_hisham,RS@SmtJebiMathe2026!
Rajya Sabha,Member of Parliament (Rajya Sabha),Nominated Rajya Sabha,Kerala,Kerala,Smt. P. T. Usha,Member of Parliament,rs_smt_p_t_usha,RS@SmtPTUsha2026!
Rajya Sabha,Member of Parliament (Rajya Sabha),Sitting Rajya Sabha,Madhya Pradesh,Madhya Pradesh,Dr. Kavita Patidar,Member of Parliament,rs_dr_kavita_patidar,RS@DrKavitaPati2026!
Rajya Sabha,Member of Parliament (Rajya Sabha),Sitting Rajya Sabha,Madhya Pradesh,Madhya Pradesh,Dr. L. Murugan,Member of Parliament,rs_dr_l_murugan,RS@DrLMurugan2026!
Rajya Sabha,Member of Parliament (Rajya Sabha),Sitting Rajya Sabha,Madhya Pradesh,Madhya Pradesh,Shri Ashok Singh,Member of Parliament,rs_shri_ashok_singh,RS@ShriAshokSin2026!
Rajya Sabha,Member of Parliament (Rajya Sabha),Sitting Rajya Sabha,Madhya Pradesh,Madhya Pradesh,Shri Balyogi Umeshnath,Member of Parliament,rs_shri_balyogi_umeshnath,RS@ShriBalyogiU2026!
Rajya Sabha,Member of Parliament (Rajya Sabha),Sitting Rajya Sabha,Madhya Pradesh,Madhya Pradesh,Shri Banshilal Gurjar,Member of Parliament,rs_shri_banshilal_gurjar,RS@ShriBanshila2026!
Rajya Sabha,Member of Parliament (Rajya Sabha),Sitting Rajya Sabha,Madhya Pradesh,Madhya Pradesh,Shri Mahesh Kewat,Member of Parliament,rs_shri_mahesh_kewat,RS@ShriMaheshKe2026!
Rajya Sabha,Member of Parliament (Rajya Sabha),Sitting Rajya Sabha,Madhya Pradesh,Madhya Pradesh,Shri Rajneesh Kumar Agrawal,Member of Parliament,rs_shri_rajneesh_kumar_agrawal,RS@ShriRajneesh2026!
Rajya Sabha,Member of Parliament (Rajya Sabha),Sitting Rajya Sabha,Madhya Pradesh,Madhya Pradesh,Shri Tarun Chugh,Member of Parliament,rs_shri_tarun_chugh,RS@ShriTarunChu2026!
Rajya Sabha,Member of Parliament (Rajya Sabha),Sitting Rajya Sabha,Madhya Pradesh,Madhya Pradesh,Shri Vivek K. Tankha,Member of Parliament,rs_shri_vivek_k_tankha,RS@ShriVivekKTa2026!
Rajya Sabha,Member of Parliament (Rajya Sabha),Sitting Rajya Sabha,Madhya Pradesh,Madhya Pradesh,Smt. Maya Naroliya,Member of Parliament,rs_smt_maya_naroliya,RS@SmtMayaNarol2026!
Rajya Sabha,Member of Parliament (Rajya Sabha),Sitting Rajya Sabha,Madhya Pradesh,Madhya Pradesh,Smt. Sumitra Balmik,Member of Parliament,rs_smt_sumitra_balmik,RS@SmtSumitraBa2026!
Rajya Sabha,Member of Parliament (Rajya Sabha),Sitting Rajya Sabha,Maharashtra,Maharashtra,Dr. Ajeet Madhavrao Gopchade,Member of Parliament,rs_dr_ajeet_madhavrao_gopchade,RS@DrAjeetMadha2026!
Rajya Sabha,Member of Parliament (Rajya Sabha),Sitting Rajya Sabha,Maharashtra,Maharashtra,Dr. Anil Sukhdeorao Bonde,Member of Parliament,rs_dr_anil_sukhdeorao_bonde,RS@DrAnilSukhde2026!
Rajya Sabha,Member of Parliament (Rajya Sabha),Sitting Rajya Sabha,Maharashtra,Maharashtra,Dr. Jyoti Nagnath Waghmare,Member of Parliament,rs_dr_jyoti_nagnath_waghmare,RS@DrJyotiNagna2026!
Rajya Sabha,Member of Parliament (Rajya Sabha),Sitting Rajya Sabha,Maharashtra,Maharashtra,Dr. Medha Vishram Kulkarni,Member of Parliament,rs_dr_medha_vishram_kulkarni,RS@DrMedhaVishr2026!
Rajya Sabha,Member of Parliament (Rajya Sabha),Sitting Rajya Sabha,Maharashtra,Maharashtra,Shri Ashokrao Shankarrao Chavan,Member of Parliament,rs_shri_ashokrao_shankarrao_chavan,RS@ShriAshokrao2026!
Rajya Sabha,Member of Parliament (Rajya Sabha),Sitting Rajya Sabha,Maharashtra,Maharashtra,Shri Chandrakant Damodar Handore,Member of Parliament,rs_shri_chandrakant_damodar_handore,RS@ShriChandrak2026!
Rajya Sabha,Member of Parliament (Rajya Sabha),Sitting Rajya Sabha,Maharashtra,Maharashtra,Shri Dhananjay Bhimrao Mahadik,Member of Parliament,rs_shri_dhananjay_bhimrao_mahadik,RS@ShriDhananja2026!
Rajya Sabha,Member of Parliament (Rajya Sabha),Sitting Rajya Sabha,Maharashtra,Maharashtra,Shri Imran Pratapgarhi,Member of Parliament,rs_shri_imran_pratapgarhi,RS@ShriImranPra2026!
Rajya Sabha,Member of Parliament (Rajya Sabha),Sitting Rajya Sabha,Maharashtra,Maharashtra,Shri Milind Murli Deora,Member of Parliament,rs_shri_milind_murli_deora,RS@ShriMilindMu2026!
Rajya Sabha,Member of Parliament (Rajya Sabha),Sitting Rajya Sabha,Maharashtra,Maharashtra,Shri Nitin Laxmanrao Jadhav Patil,Member of Parliament,rs_shri_nitin_laxmanrao_jadhav_patil,RS@ShriNitinLax2026!
Rajya Sabha,Member of Parliament (Rajya Sabha),Sitting Rajya Sabha,Maharashtra,Maharashtra,Shri Parth Ajit Pawar,Member of Parliament,rs_shri_parth_ajit_pawar,RS@ShriParthAji2026!
Rajya Sabha,Member of Parliament (Rajya Sabha),Sitting Rajya Sabha,Maharashtra,Maharashtra,Shri Praful Patel,Member of Parliament,rs_shri_praful_patel,RS@ShriPrafulPa2026!
Rajya Sabha,Member of Parliament (Rajya Sabha),Sitting Rajya Sabha,Maharashtra,Maharashtra,Shri Ramdas Bandu Athawale,Member of Parliament,rs_shri_ramdas_bandu_athawale,RS@ShriRamdasBa2026!
Rajya Sabha,Member of Parliament (Rajya Sabha),Sitting Rajya Sabha,Maharashtra,Maharashtra,Shri Ramrao Sakharam Wadkute,Member of Parliament,rs_shri_ramrao_sakharam_wadkute,RS@ShriRamraoSa2026!
Rajya Sabha,Member of Parliament (Rajya Sabha),Sitting Rajya Sabha,Maharashtra,Maharashtra,Shri Sanjay Raut,Member of Parliament,rs_shri_sanjay_raut,RS@ShriSanjayRa2026!
Rajya Sabha,Member of Parliament (Rajya Sabha),Nominated Rajya Sabha,Maharashtra,Maharashtra,Shri Ujjwal Deorao Nikam,Member of Parliament,rs_shri_ujjwal_deorao_nikam,RS@ShriUjjwalDe2026!
Rajya Sabha,Member of Parliament (Rajya Sabha),Sitting Rajya Sabha,Maharashtra,Maharashtra,Shri Vinod Shridhar Tawde,Member of Parliament,rs_shri_vinod_shridhar_tawde,RS@ShriVinodShr2026!
Rajya Sabha,Member of Parliament (Rajya Sabha),Sitting Rajya Sabha,Maharashtra,Maharashtra,Smt. Maya Chintaman Ivnate,Member of Parliament,rs_smt_maya_chintaman_ivnate,RS@SmtMayaChint2026!
Rajya Sabha,Member of Parliament (Rajya Sabha),Sitting Rajya Sabha,Manipur,Manipur,Smt. Adhikarimayum Sharda Devi,Member of Parliament,rs_smt_adhikarimayum_sharda_devi,RS@SmtAdhikarim2026!
Rajya Sabha,Member of Parliament (Rajya Sabha),Sitting Rajya Sabha,Meghalaya,Meghalaya,Shri James Pangsang Kongkal Sangma,Member of Parliament,rs_shri_james_pangsang_kongkal_sangma,RS@ShriJamesPan2026!
Rajya Sabha,Member of Parliament (Rajya Sabha),Sitting Rajya Sabha,Mizoram,Mizoram,Shri Khiangte Laltluangkima,Member of Parliament,rs_shri_khiangte_laltluangkima,RS@ShriKhiangte2026!
Rajya Sabha,Member of Parliament (Rajya Sabha),Sitting Rajya Sabha,Nagaland,Nagaland,Smt. S. Phangnon Konyak,Member of Parliament,rs_smt_s_phangnon_konyak,RS@SmtSPhangnon2026!
Rajya Sabha,Member of Parliament (Rajya Sabha),Sitting Rajya Sabha,Odisha,Odisha,Dr. Santrupt Misra,Member of Parliament,rs_dr_santrupt_misra,RS@DrSantruptMi2026!
Rajya Sabha,Member of Parliament (Rajya Sabha),Sitting Rajya Sabha,Odisha,Odisha,Dr. Sasmit Patra,Member of Parliament,rs_dr_sasmit_patra,RS@DrSasmitPatr2026!
Rajya Sabha,Member of Parliament (Rajya Sabha),Sitting Rajya Sabha,Odisha,Odisha,Shri Ashwini Vaishnaw,Member of Parliament,rs_shri_ashwini_vaishnaw,RS@ShriAshwiniV2026!
Rajya Sabha,Member of Parliament (Rajya Sabha),Sitting Rajya Sabha,Odisha,Odisha,Shri Debashish Samantaray,Member of Parliament,rs_shri_debashish_samantaray,RS@ShriDebashis2026!
Rajya Sabha,Member of Parliament (Rajya Sabha),Sitting Rajya Sabha,Odisha,Odisha,Shri Dilip Kumar Ray,Member of Parliament,rs_shri_dilip_kumar_ray,RS@ShriDilipKum2026!
Rajya Sabha,Member of Parliament (Rajya Sabha),Sitting Rajya Sabha,Odisha,Odisha,Shri Manas Ranjan Mangaraj,Member of Parliament,rs_shri_manas_ranjan_mangaraj,RS@ShriManasRan2026!
Rajya Sabha,Member of Parliament (Rajya Sabha),Sitting Rajya Sabha,Odisha,Odisha,Shri Manmohan Samal,Member of Parliament,rs_shri_manmohan_samal,RS@ShriManmohan2026!
Rajya Sabha,Member of Parliament (Rajya Sabha),Sitting Rajya Sabha,Odisha,Odisha,Shri Subhasish Khuntia,Member of Parliament,rs_shri_subhasish_khuntia,RS@ShriSubhasis2026!
Rajya Sabha,Member of Parliament (Rajya Sabha),Sitting Rajya Sabha,Odisha,Odisha,Shri Sujeet Kumar,Member of Parliament,rs_shri_sujeet_kumar,RS@ShriSujeetKu2026!
Rajya Sabha,Member of Parliament (Rajya Sabha),Sitting Rajya Sabha,Odisha,Odisha,Smt. Sulata Deo,Member of Parliament,rs_smt_sulata_deo,RS@SmtSulataDeo2026!
Rajya Sabha,Member of Parliament (Rajya Sabha),Sitting Rajya Sabha,Puducherry,Puducherry,Shri S. Selvaganabathy,Member of Parliament,rs_shri_s_selvaganabathy,RS@ShriSSelvaga2026!
Rajya Sabha,Member of Parliament (Rajya Sabha),Sitting Rajya Sabha,Punjab,Punjab,Dr. Ashok Kumar Mittal,Member of Parliament,rs_dr_ashok_kumar_mittal,RS@DrAshokKumar2026!
Rajya Sabha,Member of Parliament (Rajya Sabha),Sitting Rajya Sabha,Punjab,Punjab,Dr. Sandeep Kumar Pathak,Member of Parliament,rs_dr_sandeep_kumar_pathak,RS@DrSandeepKum2026!
Rajya Sabha,Member of Parliament (Rajya Sabha),Sitting Rajya Sabha,Punjab,Punjab,Dr. Vikramjit Singh Sahney,Member of Parliament,rs_dr_vikramjit_singh_sahney,RS@DrVikramjitS2026!
Rajya Sabha,Member of Parliament (Rajya Sabha),Sitting Rajya Sabha,Punjab,Punjab,Shri Harbhajan Singh,Member of Parliament,rs_shri_harbhajan_singh,RS@ShriHarbhaja2026!
Rajya Sabha,Member of Parliament (Rajya Sabha),Sitting Rajya Sabha,Punjab,Punjab,Shri Raghav Chadha,Member of Parliament,rs_shri_raghav_chadha,RS@ShriRaghavCh2026!
Rajya Sabha,Member of Parliament (Rajya Sabha),Sitting Rajya Sabha,Punjab,Punjab,Shri Rajinder Gupta,Member of Parliament,rs_shri_rajinder_gupta,RS@ShriRajinder2026!
Rajya Sabha,Member of Parliament (Rajya Sabha),Sitting Rajya Sabha,Punjab,Punjab,Shri Sant Balbir Singh,Member of Parliament,rs_shri_sant_balbir_singh,RS@ShriSantBalb2026!
Rajya Sabha,Member of Parliament (Rajya Sabha),Sitting Rajya Sabha,Rajasthan,Rajasthan,Dr. Alka Singh,Member of Parliament,rs_dr_alka_singh,RS@DrAlkaSingh2026!
Rajya Sabha,Member of Parliament (Rajya Sabha),Sitting Rajya Sabha,Rajasthan,Rajasthan,Dr. Satish Poonia,Member of Parliament,rs_dr_satish_poonia,RS@DrSatishPoon2026!
Rajya Sabha,Member of Parliament (Rajya Sabha),Sitting Rajya Sabha,Rajasthan,Rajasthan,Shri Chunnilal Garasiya,Member of Parliament,rs_shri_chunnilal_garasiya,RS@ShriChunnila2026!
Rajya Sabha,Member of Parliament (Rajya Sabha),Sitting Rajya Sabha,Rajasthan,Rajasthan,Shri Ghanshyam Tiwari,Member of Parliament,rs_shri_ghanshyam_tiwari,RS@ShriGhanshya2026!
Rajya Sabha,Member of Parliament (Rajya Sabha),Sitting Rajya Sabha,Rajasthan,Rajasthan,Shri Madan Rathore,Member of Parliament,rs_shri_madan_rathore,RS@ShriMadanRat2026!
Rajya Sabha,Member of Parliament (Rajya Sabha),Sitting Rajya Sabha,Rajasthan,Rajasthan,Shri Mukul Wasnik,Member of Parliament,rs_shri_mukul_wasnik,RS@ShriMukulWas2026!
Rajya Sabha,Member of Parliament (Rajya Sabha),Sitting Rajya Sabha,Rajasthan,Rajasthan,Shri Neeraj Dangi,Member of Parliament,rs_shri_neeraj_dangi,RS@ShriNeerajDa2026!
Rajya Sabha,Member of Parliament (Rajya Sabha),Sitting Rajya Sabha,Rajasthan,Rajasthan,Shri Pramod Tiwari,Member of Parliament,rs_shri_pramod_tiwari,RS@ShriPramodTi2026!
Rajya Sabha,Member of Parliament (Rajya Sabha),Sitting Rajya Sabha,Rajasthan,Rajasthan,Shri Randeep Singh Surjewala,Member of Parliament,rs_shri_randeep_singh_surjewala,RS@ShriRandeepS2026!
Rajya Sabha,Member of Parliament (Rajya Sabha),Sitting Rajya Sabha,Rajasthan,Rajasthan,Smt. Sonia Gandhi,Member of Parliament,rs_smt_sonia_gandhi,RS@SmtSoniaGand2026!
Rajya Sabha,Member of Parliament (Rajya Sabha),Sitting Rajya Sabha,Sikkim,Sikkim,Shri Dorjee Tshering Lepcha,Member of Parliament,rs_shri_dorjee_tshering_lepcha,RS@ShriDorjeeTs2026!
Rajya Sabha,Member of Parliament (Rajya Sabha),Sitting Rajya Sabha,Tamil Nadu,Tamil Nadu,Dr. Anbumani Ramadoss,Member of Parliament,rs_dr_anbumani_ramadoss,RS@DrAnbumaniRa2026!
Rajya Sabha,Member of Parliament (Rajya Sabha),Sitting Rajya Sabha,Tamil Nadu,Tamil Nadu,Dr. M. Dhanapal,Member of Parliament,rs_dr_m_dhanapal,RS@DrMDhanapal2026!
Rajya Sabha,Member of Parliament (Rajya Sabha),Sitting Rajya Sabha,Tamil Nadu,Tamil Nadu,Dr. M. Thambi Durai,Member of Parliament,rs_dr_m_thambi_durai,RS@DrMThambiDur2026!
Rajya Sabha,Member of Parliament (Rajya Sabha),Sitting Rajya Sabha,Tamil Nadu,Tamil Nadu,Shri Christopher Manickam,Member of Parliament,rs_shri_christopher_manickam,RS@ShriChristop2026!
Rajya Sabha,Member of Parliament (Rajya Sabha),Sitting Rajya Sabha,Tamil Nadu,Tamil Nadu,Shri Constandine Ravindran,Member of Parliament,rs_shri_constandine_ravindran,RS@ShriConstand2026!
Rajya Sabha,Member of Parliament (Rajya Sabha),Sitting Rajya Sabha,Tamil Nadu,Tamil Nadu,Shri I.S. Inbadurai,Member of Parliament,rs_shri_i_s_inbadurai,RS@ShriISInbadu2026!
Rajya Sabha,Member of Parliament (Rajya Sabha),Nominated Rajya Sabha,Tamil Nadu,Tamil Nadu,Shri Ilaiyaraaja,Member of Parliament,rs_shri_ilaiyaraaja,RS@ShriIlaiyara2026!
Rajya Sabha,Member of Parliament (Rajya Sabha),Sitting Rajya Sabha,Tamil Nadu,Tamil Nadu,Shri K.R.N. Rajeshkumar,Member of Parliament,rs_shri_k_r_n_rajeshkumar,RS@ShriKRNRajes2026!
Rajya Sabha,Member of Parliament (Rajya Sabha),Sitting Rajya Sabha,Tamil Nadu,Tamil Nadu,Shri Kamal Haasan,Member of Parliament,rs_shri_kamal_haasan,RS@ShriKamalHaa2026!
Rajya Sabha,Member of Parliament (Rajya Sabha),Sitting Rajya Sabha,Tamil Nadu,Tamil Nadu,Shri L. K. Sudhish,Member of Parliament,rs_shri_l_k_sudhish,RS@ShriLKSudhis2026!
Rajya Sabha,Member of Parliament (Rajya Sabha),Sitting Rajya Sabha,Tamil Nadu,Tamil Nadu,Shri P. Chidambaram,Member of Parliament,rs_shri_p_chidambaram,RS@ShriPChidamb2026!
Rajya Sabha,Member of Parliament (Rajya Sabha),Sitting Rajya Sabha,Tamil Nadu,Tamil Nadu,Shri P. Wilson,Member of Parliament,rs_shri_p_wilson,RS@ShriPWilson2026!
Rajya Sabha,Member of Parliament (Rajya Sabha),Sitting Rajya Sabha,Tamil Nadu,Tamil Nadu,Shri Praveen Chakravarthy,Member of Parliament,rs_shri_praveen_chakravarthy,RS@ShriPraveenC2026!
Rajya Sabha,Member of Parliament (Rajya Sabha),Sitting Rajya Sabha,Tamil Nadu,Tamil Nadu,Shri R. Dharmar,Member of Parliament,rs_shri_r_dharmar,RS@ShriRDharmar2026!
Rajya Sabha,Member of Parliament (Rajya Sabha),Sitting Rajya Sabha,Tamil Nadu,Tamil Nadu,Shri R. Girirajan,Member of Parliament,rs_shri_r_girirajan,RS@ShriRGiriraj2026!
Rajya Sabha,Member of Parliament (Rajya Sabha),Sitting Rajya Sabha,Tamil Nadu,Tamil Nadu,Shri S. Kalyanasundaram,Member of Parliament,rs_shri_s_kalyanasundaram,RS@ShriSKalyana2026!
Rajya Sabha,Member of Parliament (Rajya Sabha),Sitting Rajya Sabha,Tamil Nadu,Tamil Nadu,Shri S.R. Sivalingam,Member of Parliament,rs_shri_s_r_sivalingam,RS@ShriSRSivali2026!
Rajya Sabha,Member of Parliament (Rajya Sabha),Sitting Rajya Sabha,Tamil Nadu,Tamil Nadu,Shri Tiruchi Siva,Member of Parliament,rs_shri_tiruchi_siva,RS@ShriTiruchiS2026!
Rajya Sabha,Member of Parliament (Rajya Sabha),Sitting Rajya Sabha,Tamil Nadu,Tamil Nadu,Smt. Rajathi,Member of Parliament,rs_smt_rajathi,RS@SmtRajathi2026!
Rajya Sabha,Member of Parliament (Rajya Sabha),Sitting Rajya Sabha,Telangana,Telangana,Dr. Abhishek Manu Singhvi,Member of Parliament,rs_dr_abhishek_manu_singhvi,RS@DrAbhishekMa2026!
Rajya Sabha,Member of Parliament (Rajya Sabha),Sitting Rajya Sabha,Telangana,Telangana,Shri Anil Kumar Yadav Mandadi,Member of Parliament,rs_shri_anil_kumar_yadav_mandadi,RS@ShriAnilKuma2026!
Rajya Sabha,Member of Parliament (Rajya Sabha),Sitting Rajya Sabha,Telangana,Telangana,Shri B. Parthasaradhi Reddy,Member of Parliament,rs_shri_b_parthasaradhi_reddy,RS@ShriBParthas2026!
Rajya Sabha,Member of Parliament (Rajya Sabha),Sitting Rajya Sabha,Telangana,Telangana,Shri Damodar Rao Divakonda,Member of Parliament,rs_shri_damodar_rao_divakonda,RS@ShriDamodarR2026!
Rajya Sabha,Member of Parliament (Rajya Sabha),Sitting Rajya Sabha,Telangana,Telangana,Shri Ravi Chandra Vaddiraju,Member of Parliament,rs_shri_ravi_chandra_vaddiraju,RS@ShriRaviChan2026!
Rajya Sabha,Member of Parliament (Rajya Sabha),Sitting Rajya Sabha,Telangana,Telangana,Smt. Renuka Chowdhury,Member of Parliament,rs_smt_renuka_chowdhury,RS@SmtRenukaCho2026!
Rajya Sabha,Member of Parliament (Rajya Sabha),Sitting Rajya Sabha,Tripura,Tripura,Shri Rajib Bhattacharjee,Member of Parliament,rs_shri_rajib_bhattacharjee,RS@ShriRajibBha2026!
Rajya Sabha,Member of Parliament (Rajya Sabha),Sitting Rajya Sabha,Uttar Pradesh,Uttar Pradesh,Dr. K. Laxman,Member of Parliament,rs_dr_k_laxman,RS@DrKLaxman2026!
Rajya Sabha,Member of Parliament (Rajya Sabha),Sitting Rajya Sabha,Uttar Pradesh,Uttar Pradesh,Dr. Laxmikant Bajpayee,Member of Parliament,rs_dr_laxmikant_bajpayee,RS@DrLaxmikantB2026!
Rajya Sabha,Member of Parliament (Rajya Sabha),Sitting Rajya Sabha,Uttar Pradesh,Uttar Pradesh,Dr. Radha Mohan Das Agrawal,Member of Parliament,rs_dr_radha_mohan_das_agrawal,RS@DrRadhaMohan2026!
Rajya Sabha,Member of Parliament (Rajya Sabha),Sitting Rajya Sabha,Uttar Pradesh,Uttar Pradesh,Dr. Sangeeta Balwant,Member of Parliament,rs_dr_sangeeta_balwant,RS@DrSangeetaBa2026!
Rajya Sabha,Member of Parliament (Rajya Sabha),Sitting Rajya Sabha,Uttar Pradesh,Uttar Pradesh,Dr. Sudhanshu Trivedi,Member of Parliament,rs_dr_sudhanshu_trivedi,RS@DrSudhanshuT2026!
Rajya Sabha,Member of Parliament (Rajya Sabha),Sitting Rajya Sabha,Uttar Pradesh,Uttar Pradesh,Prof. Ram Gopal Yadav,Member of Parliament,rs_prof_ram_gopal_yadav,RS@ProfRamGopal2026!
Rajya Sabha,Member of Parliament (Rajya Sabha),Sitting Rajya Sabha,Uttar Pradesh,Uttar Pradesh,Shri Amar Pal Maurya,Member of Parliament,rs_shri_amar_pal_maurya,RS@ShriAmarPalM2026!
Rajya Sabha,Member of Parliament (Rajya Sabha),Sitting Rajya Sabha,Uttar Pradesh,Uttar Pradesh,Shri Arun Singh,Member of Parliament,rs_shri_arun_singh,RS@ShriArunSing2026!
Rajya Sabha,Member of Parliament (Rajya Sabha),Sitting Rajya Sabha,Uttar Pradesh,Uttar Pradesh,Shri B.L. Verma,Member of Parliament,rs_shri_b_l_verma,RS@ShriBLVerma2026!
Rajya Sabha,Member of Parliament (Rajya Sabha),Sitting Rajya Sabha,Uttar Pradesh,Uttar Pradesh,Shri Baburam Nishad,Member of Parliament,rs_shri_baburam_nishad,RS@ShriBaburamN2026!
Rajya Sabha,Member of Parliament (Rajya Sabha),Sitting Rajya Sabha,Uttar Pradesh,Uttar Pradesh,Shri Brij Lal,Member of Parliament,rs_shri_brij_lal,RS@ShriBrijLal2026!
Rajya Sabha,Member of Parliament (Rajya Sabha),Sitting Rajya Sabha,Uttar Pradesh,Uttar Pradesh,Shri Hardeep Singh Puri,Member of Parliament,rs_shri_hardeep_singh_puri,RS@ShriHardeepS2026!
Rajya Sabha,Member of Parliament (Rajya Sabha),Sitting Rajya Sabha,Uttar Pradesh,Uttar Pradesh,Shri Javed Ali Khan,Member of Parliament,rs_shri_javed_ali_khan,RS@ShriJavedAli2026!
Rajya Sabha,Member of Parliament (Rajya Sabha),Sitting Rajya Sabha,Uttar Pradesh,Uttar Pradesh,Shri Jayant Chaudhary,Member of Parliament,rs_shri_jayant_chaudhary,RS@ShriJayantCh2026!
Rajya Sabha,Member of Parliament (Rajya Sabha),Sitting Rajya Sabha,Uttar Pradesh,Uttar Pradesh,Shri Kapil Sibal,Member of Parliament,rs_shri_kapil_sibal,RS@ShriKapilSib2026!
Rajya Sabha,Member of Parliament (Rajya Sabha),Sitting Rajya Sabha,Uttar Pradesh,Uttar Pradesh,Shri Mithlesh Kumar,Member of Parliament,rs_shri_mithlesh_kumar,RS@ShriMithlesh2026!
Rajya Sabha,Member of Parliament (Rajya Sabha),Sitting Rajya Sabha,Uttar Pradesh,Uttar Pradesh,Shri Naveen Jain,Member of Parliament,rs_shri_naveen_jain,RS@ShriNaveenJa2026!
Rajya Sabha,Member of Parliament (Rajya Sabha),Sitting Rajya Sabha,Uttar Pradesh,Uttar Pradesh,Shri Neeraj Shekhar,Member of Parliament,rs_shri_neeraj_shekhar,RS@ShriNeerajSh2026!
Rajya Sabha,Member of Parliament (Rajya Sabha),Sitting Rajya Sabha,Uttar Pradesh,Uttar Pradesh,Shri Ramji,Member of Parliament,rs_shri_ramji,RS@ShriRamji2026!
Rajya Sabha,Member of Parliament (Rajya Sabha),Sitting Rajya Sabha,Uttar Pradesh,Uttar Pradesh,Shri Ramji Lal Suman,Member of Parliament,rs_shri_ramji_lal_suman,RS@ShriRamjiLal2026!
Rajya Sabha,Member of Parliament (Rajya Sabha),Sitting Rajya Sabha,Uttar Pradesh,Uttar Pradesh,Shri Ratanjit Pratap Narain Singh,Member of Parliament,rs_shri_ratanjit_pratap_narain_singh,RS@ShriRatanjit2026!
Rajya Sabha,Member of Parliament (Rajya Sabha),Sitting Rajya Sabha,Uttar Pradesh,Uttar Pradesh,Shri Sanjay Seth,Member of Parliament,rs_shri_sanjay_seth,RS@ShriSanjaySe2026!
Rajya Sabha,Member of Parliament (Rajya Sabha),Sitting Rajya Sabha,Uttar Pradesh,Uttar Pradesh,Shri Surendra Singh Nagar,Member of Parliament,rs_shri_surendra_singh_nagar,RS@ShriSurendra2026!
Rajya Sabha,Member of Parliament (Rajya Sabha),Sitting Rajya Sabha,Uttar Pradesh,Uttar Pradesh,Shri Tejveer Singh,Member of Parliament,rs_shri_tejveer_singh,RS@ShriTejveerS2026!
Rajya Sabha,Member of Parliament (Rajya Sabha),Sitting Rajya Sabha,Uttar Pradesh,Uttar Pradesh,Smt. Darshana Singh,Member of Parliament,rs_smt_darshana_singh,RS@SmtDarshanaS2026!
Rajya Sabha,Member of Parliament (Rajya Sabha),Sitting Rajya Sabha,Uttar Pradesh,Uttar Pradesh,Smt. Geeta alias Chandraprabha,Member of Parliament,rs_smt_geeta_alias_chandraprabha,RS@SmtGeetaAlia2026!
Rajya Sabha,Member of Parliament (Rajya Sabha),Sitting Rajya Sabha,Uttar Pradesh,Uttar Pradesh,Smt. Jaya Amitabh Bachchan,Member of Parliament,rs_smt_jaya_amitabh_bachchan,RS@SmtJayaAmita2026!
Rajya Sabha,Member of Parliament (Rajya Sabha),Sitting Rajya Sabha,Uttar Pradesh,Uttar Pradesh,Smt. Sadhna Singh,Member of Parliament,rs_smt_sadhna_singh,RS@SmtSadhnaSin2026!
Rajya Sabha,Member of Parliament (Rajya Sabha),Sitting Rajya Sabha,Uttar Pradesh,Uttar Pradesh,Smt. Sangeeta Yadav,Member of Parliament,rs_smt_sangeeta_yadav,RS@SmtSangeetaY2026!
Rajya Sabha,Member of Parliament (Rajya Sabha),Sitting Rajya Sabha,Uttar Pradesh,Uttar Pradesh,Smt. Seema Dwivedi,Member of Parliament,rs_smt_seema_dwivedi,RS@SmtSeemaDwiv2026!
Rajya Sabha,Member of Parliament (Rajya Sabha),Sitting Rajya Sabha,Uttarakhand,Uttarakhand,Dr. Kalpana Saini,Member of Parliament,rs_dr_kalpana_saini,RS@DrKalpanaSai2026!
Rajya Sabha,Member of Parliament (Rajya Sabha),Sitting Rajya Sabha,Uttarakhand,Uttarakhand,Shri Mahendra Bhatt,Member of Parliament,rs_shri_mahendra_bhatt,RS@ShriMahendra2026!
Rajya Sabha,Member of Parliament (Rajya Sabha),Sitting Rajya Sabha,Uttarakhand,Uttarakhand,Shri Naresh Bansal,Member of Parliament,rs_shri_naresh_bansal,RS@ShriNareshBa2026!
Rajya Sabha,Member of Parliament (Rajya Sabha),Sitting Rajya Sabha,West Bengal,West Bengal,Ms. Dola Sen,Member of Parliament,rs_ms_dola_sen,RS@MsDolaSen2026!
Rajya Sabha,Member of Parliament (Rajya Sabha),Sitting Rajya Sabha,West Bengal,West Bengal,Shri Biswajit Sinha (Rahul Sinha),Member of Parliament,rs_shri_biswajit_sinha,RS@ShriBiswajit2026!
Rajya Sabha,Member of Parliament (Rajya Sabha),Sitting Rajya Sabha,West Bengal,West Bengal,Shri Derek O' Brien,Member of Parliament,rs_shri_derek_o_brien,RS@ShriDerekOBr2026!
Rajya Sabha,Member of Parliament (Rajya Sabha),Nominated Rajya Sabha,West Bengal,West Bengal,Shri Harsh Vardhan Shringla,Member of Parliament,rs_shri_harsh_vardhan_shringla,RS@ShriHarshVar2026!
Rajya Sabha,Member of Parliament (Rajya Sabha),Sitting Rajya Sabha,West Bengal,West Bengal,Shri Mohammed Nadimul Haque,Member of Parliament,rs_shri_mohammed_nadimul_haque,RS@ShriMohammed2026!
Rajya Sabha,Member of Parliament (Rajya Sabha),Sitting Rajya Sabha,West Bengal,West Bengal,Shri Nagendra Ray,Member of Parliament,rs_shri_nagendra_ray,RS@ShriNagendra2026!
Rajya Sabha,Member of Parliament (Rajya Sabha),Sitting Rajya Sabha,West Bengal,West Bengal,Shri Prakash Chik Baraik,Member of Parliament,rs_shri_prakash_chik_baraik,RS@ShriPrakashC2026!
Rajya Sabha,Member of Parliament (Rajya Sabha),Sitting Rajya Sabha,West Bengal,West Bengal,Shri Rajeev Kumar,Member of Parliament,rs_shri_rajeev_kumar,RS@ShriRajeevKu2026!
Rajya Sabha,Member of Parliament (Rajya Sabha),Sitting Rajya Sabha,West Bengal,West Bengal,Shri Samik Bhattacharya,Member of Parliament,rs_shri_samik_bhattacharya,RS@ShriSamikBha2026!
Rajya Sabha,Member of Parliament (Rajya Sabha),Sitting Rajya Sabha,West Bengal,West Bengal,Shri Samirul Islam,Member of Parliament,rs_shri_samirul_islam,RS@ShriSamirulI2026!
Rajya Sabha,Member of Parliament (Rajya Sabha),Sitting Rajya Sabha,West Bengal,West Bengal,Smt. Mamata Thakur,Member of Parliament,rs_smt_mamata_thakur,RS@SmtMamataTha2026!
Rajya Sabha,Member of Parliament (Rajya Sabha),Sitting Rajya Sabha,West Bengal,West Bengal,Smt. Sagarika Ghose,Member of Parliament,rs_smt_sagarika_ghose,RS@SmtSagarikaG2026!
